TradingDay,TMT,中药,交通运输,传媒,光伏,农业综合,医疗,医药,医药医疗,半导体,国防军工,基建,基础化工,央企创新,家用电器,房地产,新能源汽车,旅游,有色,机械设备,汽车,游戏,生物科技,电力,电子,石油石化,绿色/ESG,计算机,通信,金融综合,钢铁煤炭,银行,非银,食品饮料
2015-09-25,,,,,,,,,-3.689251253944809,,,,,,,,,,,,,,,,,,,,,13.080970838272272,,,,
2015-09-30,,,,,,,,,-1.095657458759785,,,,,,,,,,,,,,,,,,,,,2.764345306559741,,,,
2015-10-09,,,,,,,,,-11.09704437229635,,,,,,,,,,,,,,,,,,,,,5.032889495070211,,,,
2015-10-16,,,,,,,,,-0.46495562543650804,,,,,,,,,,,,,,,,,,,,,5.588339901303934,,,,
2015-10-23,,,,,,,,,-0.13598722183159656,,,,,,,,,,,,,,,,,,,,,-2.89937684014156,,,,
2015-10-30,,,,,,,,,-0.025262784148998282,,,,,,,,,,,,,,,,,,,,,-3.3792907223798685,,,,
2015-11-06,,,,,,,,,0.006498140412588838,,,,,,,,,,,,,,,,,,,,,1.5397703427614395,,,,
2015-11-13,,,,,,,,,-7.866853317192913,,,,,,,,,,,,,,,,,,,,,0.17664569599520874,,,,
2015-11-20,,,,,,,,,13.361404212039098,,,,,,,,,,,,,,,,,,,,,-38.412674017832074,,,,
2015-11-27,,,,,,,,,-0.33400531658476795,,,,,,,,,,,,,,,,,,,,,9.220945770982983,,,,
2015-12-04,,,,,,,,,1.560742149891313,,,,,,,,,,,,,,,,,,,,,1.8779044347792058,,,,
2015-12-11,,,,,,,,,-32.96971503100194,,,,,,,,,,,,,,,,,,,,,-4.406254976641527,,,,
2015-12-18,,,,,,,,,6.620330690596326,,,,,,,,,,,,,,,,,,,,,17.361630163400903,,,,
2015-12-25,,,,,,,,,-22.54084792954996,,,,,,,,,,,,,,,,,,,,,-4.800390981481671,,,,
2015-12-31,,,,,,,,,0.2168446701396759,,,,,,,,,,,,,,,,,,,,,0.05836642735241558,,,,
2016-01-08,,,,,,,,,-0.09434472841123798,,,,,,,,,,,,,,,,,,,,,0.20082845387892945,,,,
2016-01-15,,,,,,,,,0.36789359512912556,,,,,,,,,,,,,,,,,,,,,-0.7683772817276915,,,,
2016-01-22,,,,,,,,,-2.832311650350621,,,,,,,,,,,,,,,,,,,,,0.1459587572456863,,,,
2016-01-29,,,,,,,,,0.18777457157881436,,,,,,,,,,,,,,,,,,,,,0.15258104993409272,,,,
2016-02-05,,,,,,,,,3.3133527824635975,,,,,,,,,,,,,,,,,,,,,-13.414708544183956,,,,
2016-02-19,,,,,,,,,9.086770649422622,,,,,,,,,,,,,,,,,,,,,-0.5595002053831596,,,,
2016-02-26,,,,,,,,,-0.10721733090864013,,,,,,,,,,,,,,,,,,,,,-24.47318492686665,,,,
2016-03-04,,,,,,,,,-0.2604835403376883,,,,,,,,,,,,,,,,,,,,,13.64152006314647,,,,
2016-03-11,,,,,,,,,0.0793614842186865,,,,,,,,,,,,,,,,,,,,,-44.60777956037267,,,,
2016-03-18,,,,,,,,,0.021795351291136356,,,,,,,,,,,,,,,,,,,,,-33.51343687513642,,,,
2016-03-25,,,,,,,,,-10.864460289408553,,,,,,,,,,,,,,,,,,,,,-0.6111568666324214,,,,
2016-12-16,,,,,,,,0.0217919223892713,,,,,,,,,,,,,,,,,0.271178225375867,,,,,,,,,
2016-12-23,,,,,,,,-43.9860323610923,-0.3966985100112707,,,,,,,,,,,,,,,,-0.1625793417560898,,,,,,,,,
2016-12-31,,,,,,,,8.963795234059724,-0.13428620875638075,,,,,,,,,,,,,,,,-39.648491246245705,,,,,,,,,
2017-01-06,,,,,,,,0.25820866562371386,0.08626283875380797,,,,,,,,,,,,,,,,-0.6518443624426153,,,,,,,,,
2017-01-13,,,,,,,,-3.9697590647998178,5.193519146550845,,,,,,,,,,,,,,,,-4.106730923876619,,,,,,,,,
2017-01-20,,,,,,,,1.0434439897565684,0.3038950290549199,,,,,,,,,,,,,,,,0.8164957065482423,,,,,,,,,
2017-01-26,,,,,,,,-1.4973161632800802,-3.8604653268878604,,,,,,,,,,,,,,,,0.0028506326706547735,,,,,,,,,
2017-02-03,,,,,,,,14.463058115111295,2.999217763382031,,,,,,,,,,,,,,,,20.879193178538433,,,,,,,,,
2017-02-10,,,,,,,,-0.14028328174777757,6.204546472942481,,,,,,,,,,,,,,,,-0.5044401305401838,,,,,,,,,
2017-02-17,,,,,,,,-0.5034032925935783,-12.380804578380644,,,,,,,,,,,,,,,,1.8899069907423138,,,,,,,,,
2017-02-24,,,,,,,,7.554245488939705,2.790791704967412,,,,,,,,,,,,,,,,0.1718970745320022,,,,,,,,,
2017-03-03,,,,,,,,-0.24565753225276465,2.237754831153687,,,,,,,,,,,,,,,,-20.172444936530276,,,,,,,,,
2017-03-10,,,,,,,,-0.09348212557023283,7.199977952574948,,,,,,,,,,,,,,,,-0.21171908942602258,,,,,,,,,
2017-03-17,,,,,,,,7.241791340471375,-6.843719683360007,,,,,,,,,,,,,,,,4.600243490521937,,,,,,,,,
2017-03-24,,,,,,,,1.2059169336358653,7.250951223477646,,,,,,,,,,,,,,,,-0.33695919514180334,,,,,,,,,
2017-03-31,,,,,,,,-11.915383387918032,,,,,,,,,,,,,,,,,,,,,,,,,,
2017-04-07,,,,,,,,0.21111271131116727,,,,,,,,,,,,,,,,,,,,,,,,,,
2017-04-14,,,,,,,,-0.06629414880442475,,,,,,,,,,,,,,,,,,,,,,,,,,
2017-04-21,,,,,,,,-43.273752865703045,,,,,,,,,,,,,,,,,,,,,,,,,,
2017-04-28,,,,,,,,1.125209517867367,,,,,,,,,,,,,,,,,,,,,,,,,,
2017-05-05,,,,,,,,10.360434411615895,,,,,,,,,,,,,,,,,,,,,,,,,,
2017-05-12,,,,,,,,-4.135493323917144,,,,,,,,,,,,,,,,,,,,,,,,,,
2017-05-19,,,,,,,,1.700673519270442,,,,,,,,,,,,,,,,,,,,,,,,,,
2017-05-26,,,,,,,,0.007077468291628031,,,,,,,,,,,,,,,,,,,,,,,,,,
2017-06-02,,,,,,,,0.09941863272151308,,,,,,,,,,,,,,,,,,,,,,,,,,
2017-06-09,,,,,,,,-1.8766736064035339,,,,,,,,,,,,,,,,,,,,,,,,,,
2017-06-16,,,,,,,,-0.7664339161832623,,,,,,,,,,,,,,,,,,,,,,,,,,
2017-06-23,,,,,,,,-0.33738329034142467,,,,,,,,,,,,,,,,,,,,,,,,,,
2017-06-30,,,,,,,,3.9830352125863486,,,,,,,,,,,,,,,,,,,,,,,,,,
2017-07-07,,,,,,,,-42.43315496076142,,,,,,,,,,,,,,,,,,,,,,,,,,
2017-07-14,,,,,,,,-0.3558459016413925,,,,,,,,,,,,,,,,,,,,,,,,,,
2017-07-21,,,,,,,,5.546955061889513,,,,,,,,,,,,,,,,,,,,,,,,,,
2017-07-28,,,,,,,,10.6888435869447,,,,,,,,,,,,,,,,,,,,,,,,,,
2017-08-04,,,,,,,,-13.114409614572821,,,,,,,,,,,,,,,,,,,,,,,,,,
2017-08-11,,,,,,,,-0.17912366031703272,,,,,,,,,,,,,,,,,,,,,,,,,,
2017-08-18,,,,,,,,-15.030815606463422,,,,,,,,,,,,,,,,,,,,,,,,,,
2017-08-25,,,,,,,,-6.08177922425452,,,,,,,,,,,,,,,,,,,,,,,,,,
2017-09-01,,,,,,,,4.119062659289899,,,,,,,,,,,,,,,,,,,,,,,,,,
2017-09-08,,,,,,,,-0.4805787491475836,,,,,,,,,,,,,,,,,,,,,,,,,,
2017-09-15,,,,,,,,1.730225152829549,,,,,,,,,,,,,,,,,,,,,,,,,,
2017-09-22,,,,,,,,-0.19474639692463805,,,,,,,,,,,,,,,,,,,,,,,,,,
2017-09-30,,,,,,,,-0.30860950374212076,,,,,,,,,,,,,,,,,,,,,,,,,,
2017-10-13,,,,,,,,1.7784992861162348,,,,,,,,,,,,,,,,,,,,,,,,,,
2017-10-20,,,,,,,,-0.16205100534574363,,,,,,,,,,,,,,,,,,,,,,,,,,
2017-10-27,,,,,,,,4.278141826380173,,,,,,,,,,,,,,,,,,,,,,,,,,
2017-11-03,,,,,,,,-2.148297397257487,,,,,,,,,,,,,,,,,,,,,,,,,,
2017-11-10,,,,,,,,17.329552306741057,,,,,,,,,,,,,,,,,,,,,,,,,,
2017-11-17,,,,,,,,-2.0099089561440495,,,,,,,,,,,,,,,,,,,,,,,,,,
2017-11-24,,,,,,,,-1.1514944031938004,,,,,,,,,,,,,,,,,,,,,,,,,,
2017-12-01,,,,,,,,1.1941407884942188,,,,,,,,,,,,,,,,,,,,,,,,,,
2017-12-08,,,,,,,,-0.1545693742812531,,,,,,,,,,,,,,,,,,,,,,,,,,
2017-12-15,,,,,,,,-0.263414191698004,,,,,,,,,,,,,,,,,,,,,,,,,,
2017-12-22,,,,,,,,0.1901355600603262,,,,,,,,,,,,,,,,,,,,,,,,,,
2017-12-31,,,,,,,,7.396529165828624,,,,,,,,,,,,,,,,,,,,,,,,,,
2018-01-05,,,,,,,,8.901388760160382,,,,,,,,,,,,,,,,,,,,,,,,,,
2018-01-12,,,,,,,,-0.0018464687721186923,,,,,,,,,,,,,,,,,,,,,,,,,,
2018-01-19,,,,,,,,-0.19230222026372143,,,,,,,,,,,,,,,,,,,,,,,,,,
2018-01-26,,,,,,,,-0.31685296365280324,,,,,,,,,,,,,,,,,,,,,,,,,,
2018-02-02,,,,,,,,20.610854304058066,,,,,,,,,,,,,,,,,,,,,,,,,,
2018-02-09,,,,,,,,3.339755224302175,,,,,,,,,,,,,,,,,,,,,,,,,,
2018-02-14,,,,,,,,-13.211876194069715,,,,,,,,,,,,,,,,,,,,,,,,,,
2018-02-23,,,,,,,,14.396028682565984,,,,,,,,,,,,,,,,,,,,,,,,,,
2018-03-02,,,,,,,,-1.0385257877479832,,,,,,,,,,,,,,,,,,,,,,,,,,
2018-03-09,,,,,,,,0.8332944059039651,,,,,,,,,,,,,,,,,,,,,,,,,,
2018-03-16,,,,,,,,-12.641623498129416,,,,,,,,,,,,,,,,,,,,,,,,,,
2018-03-23,,,,,,,,19.637696321016776,,,,,,,,,,,,,,,,,,,,,,,,,,
2018-12-21,,,,,,,,,,,,,,,,,,,,,,,,,,,,,,,,12.474829976605127,,
2018-12-28,,,,,,,,,,,,,,,,,,,,,,,,,,,,,,,,-0.7565702183608822,,
2019-01-04,,,,,,,,,,,,,,,,,,,,,,,,,,,,,,,,-0.18749147908005476,,
2019-01-11,,,,,,,,,,,,,,,,,,,,,,,,,,,,,,,,1.2078616492382384,,
2019-01-18,,,,,,,,,,,,,,,,,,,,,,,,,,,,,,,,0.1460376832233571,,
2019-01-25,,,,,,,,,,,,,,,,,,,,,,,,,,,,,,,,-0.19464726504519025,,
2019-02-01,,,,,,,,,,,,,,,,,,,,,,,,,,,,,,,,-0.08336410109900282,,
2019-02-15,,,,,,,,,,,,,,,,,,,,,,,,,,,,,,,,10.842323163390702,,
2019-02-22,,,,,,,,,,,,,,,,,,,,,,,,,,,,,,,,-0.11100502161174124,,
2019-03-01,,,,,,,,,,,,,,,,,,,,,,,,,,,,,,,,-0.04645080762352776,,
2019-03-08,,,,,,,,,,,,,,,,,,,,,,,,,,,,,,,,5.2931538396401425,,
2019-03-15,,,,,,,,,,,,,,,,,,,,,,,,,,,,,,,,-0.2906918728882489,,
2019-03-22,,,,,,,,,,,,,,,,,,,,,,,,,,,,,,,,6.750435777916312,,
2019-05-24,,,,,,,,,,,,,,,,16.839577672572247,,,,,,,,,,,,,,,,,,
2019-05-31,,,,,,,,,,,,,,,,-0.1774680330785572,,,,,,,,,,,,,,,,,,
2019-06-06,,,,,,,,,,,,,,,,-15.065834793439137,,,,,,,,,,,,,,,,,,
2019-06-14,,,,,,,,,,,,,,,,-5.124930234008878,,,,,,,,,,,,,,,,,,
2019-06-21,,,,,,,,,,,,,,,,3.3988962878500044,,,,,,,,,,,,,,,,,,
2019-06-30,,,,,,,,,,,,,,,,8.296033226124738,,,,,,,,,,,,,,,,,,
2019-07-05,,,,,,,,,,,,,,,,2.5252791827317504,,,,,,,,,,,,,,,,,,
2019-07-12,,,,,,,,,,,,,,,,-0.2410941427185826,,,,,,,,,,,,,,,,,,
2019-07-19,,,,,,,,,,,,,,,,0.015913187571054727,,,,,,,,,,,,,,,,,,
2019-07-26,,,,,,,,,,,,,,,,1.585365171539839,,,,,,,,,,,,,,,,,,
2019-08-02,,,,,,,,,,,,,,,,-0.3106044720470406,,,,,,,,,,,,,,,,,,
2019-08-09,,,,,,,,,,,,,,,,0.48123156656338884,,,,,,,,,,,,,,,,,,
2019-08-16,,,,,,,,,,,,,,,,10.39948488253211,,,,,,,,,,,,,,,,,,
2019-12-13,,,,,,,,,,,,,,,,,,,,,,,,,-0.372759059610431,,,,,-1.091807974783271,,,,
2019-12-20,,,,,,,,,,,,,,,,,,,,,,,,,0.1323586743647569,,,,,-11.69030881675661,,,,
2019-12-27,,,,,,,,,,,,,,,,,,,,,,,,,-13.25950584364021,,,,,-3.5604616541022507,,,,
2020-01-03,,,,,,,,,,,,,,,,,,,,,,,,,0.12077491671098456,,,,,-0.05861234618378114,,,,
2020-01-10,,,,,,,,,,,,,,,,,,,,,,,,,-0.14265657725722491,,,,,-29.231079537127382,,,,
2020-01-17,,,,,,,,,,,,,,,,,,,,,,,,,-3.7478461849104403,,,,,6.920424389877017,,,,
2020-01-23,,,,,,,,,,,,,,,,,,,,,,,,,16.529052465223977,,,,,1.8074643307667344,,,,
2020-02-07,,,,,,,,,,,,,,,,,,,,,,,,,1.4595658786003867,,,,,0.08158404262508534,,,,
2020-02-14,,,,,,,,,,,,,,,,,,,,,,,,,0.04361629171173814,,,,,-0.5723751609178896,,,,
2020-02-21,,,,,,,,,,,,,,,,,,,,,,,,,10.63802862661436,,,,,-0.3416397185038784,,,,
2020-02-28,,,,,,,,,,,,,,,,,,,,,,,,,5.997559932632122,,,,,-0.3032787815922646,,,,
2020-03-06,,,,,,,,,,,,,,,,,,,,,,,,,1.3337196673818745,,,,,-0.10916097889727983,,,,
2020-03-13,,,,,,,,,,,,,,,,,,,,,,,,,2.236297023854349,,,,,-12.150108677782228,,,,
2020-03-20,,,,,,,,,,,,,,,,,,,,,,,,,-0.06267920576784952,,,,,17.02337396268182,,,,
2020-03-27,,,,,,,,,,,,,,,,,,,,,,,,,1.9753214873805058,,,,,0.582759634664638,,,,
2020-04-03,,,,,,,,,,,,,,,,,,,,,,,,,-0.6568419271360433,,,,,-0.2318188844989592,,,,
2020-04-10,,,,,,,,,,,,,,,,,,,,,,,,,0.27153075244084435,,,,,3.8050523682796094,,,,
2020-04-17,,,,,,,,,,,,,,,,,,,,,,,,,-45.36747088560392,,,,,-2.1794060491776452,,,,
2020-04-24,,,,,,,,,,,,,,,,,,,,,,,,,-0.1703991381147959,,,,,14.09636985566928,,,,
2020-04-30,,,,,,,,,,,,,,,,,,,,,,,,,-13.431609743984636,,,,,0.2748512211842156,,,,
2020-05-08,,,,,,,,,,,,,,,,,,,,,,,,,-0.21853494656323258,,,,,0.11552020543960484,,,,
2020-05-15,,,,,,,,,,,,,,,,,,,0.44183981845020837,,,,,,-2.729225940450842,,,,,9.093657328403603,,,,
2020-05-22,,,,,,,,,,,-7.917121253911497,,,,,,,,12.017666155274732,,,,,,19.836903177371408,,,,,-0.07216152705493692,,-0.15868433409810262,,
2020-05-29,,,,,,,,,,,6.818270746886492,,,,,,,,10.074801416720987,,,,,,-12.115659674846544,,,,,-12.398172725056382,,-7.098874346138319,,
2020-06-05,,,,,,,,,,,-34.14603809249324,,,,,,,,-0.1552945226540582,,,,,,3.548479934928027,,,,,2.0291279134651647,,-6.105755952465677,,
2020-06-12,,,,,,,,,,,9.783993759052017,,,,,,,,-0.2193910319474444,,,,,,0.20635975933962697,,,,,3.199874835009794,,1.938706967991118,,
2020-06-19,,,,,,,,,,,5.021396635629671,,,,,,,,0.24837236900085402,,,,,,9.966828068198266,,,,,-12.287513581766078,,-1.5078471794510986,,
2020-06-24,,,,,,,,,,,18.26913880348821,,,,,,,,-0.328067603266875,,,,,,0.20652474702005613,,,,,13.751145953878648,,-0.1114188196438446,,
2020-07-03,,,,,,,,,,,-0.2512683313675919,,,,,,,,1.0497454643642494,,,,,,0.047114786723507884,,,,,2.3841832451451275,,-0.6426915319091786,,
2020-07-10,,,,,,,,,,,-9.89797216026101,,,,,,,,-3.13132803289887,,,,,,-0.21258481499551873,,,,,10.511317150179194,,-7.5168282943883185,,
2020-07-17,,,,,,,,,,,-0.13358269478101858,,,,,,,,6.439879789446049,,,,,,10.34115891671999,,,,,-0.13863128479603176,,-0.04020024611722562,,
2020-07-24,,,,,,,,,,,-27.019068054395255,,,,,,,,-0.14129623765647134,,,,,,-0.6791708292325345,,,,,-0.22629683123622904,,-0.06699085121636711,,
2020-07-31,,,,,,,,,,,-7.0545988120197975,,,,,,,,-0.07161290676862515,,,,,,-0.12369892005137392,,,,,0.10385427043281265,,-6.809289469506298,,
2020-08-07,,,,,,,,,,,-0.16510647387066735,,,,,,,,0.8607972252993117,,,,,,0.14307922030942016,,,,,-0.3681369792975593,,-0.5836135425914083,,
2020-08-14,,,,,,,,,,,2.33722905323957,,,,,,,,3.2109490631412725,,,,,,14.162187782129884,,,,,-0.05741783855334723,,-0.19526707141769178,,
2020-08-21,,,,,,,,,,,17.75480917287892,,,,,,,,-14.2104847046974,,,,,,-0.19093482557503305,,,,,-0.6375726795988976,,1.2105825012590252,,
2020-08-28,,,,,,,,,,,-0.6854042121535537,,,,,,,,4.235816422928099,,,,,,,,,,,,,0.08443532377650469,,
2020-09-04,,,,,,,,,,,-0.0758976527898121,,,,,,,,-7.810066850524823,,,,,,,,,,,,,0.40562982508534806,,
2020-09-11,,,,,,,,,,,0.1404989839330344,,,,,,,,-0.16216997135099176,,,,,,,,,,,,,0.17313941732338825,,
2020-09-18,,,,,,,,,,,14.428036592305727,,,,,,,,-36.18828831285443,,,,,,,,,,,,,-0.13755757587130577,,
2020-09-25,,,,,,,,,,,-3.2254309505850127,,,,,,,,-0.011418729035850173,,,,,,,,,,,,,1.0809318785438884,,
2020-09-30,,,,,,,,,,,0.0748460530771411,,,,,,,,4.130713910326669,,,,,,,,,,,,,0.0296997413347472,,
2020-10-09,,,,,,,,,,,14.600243030223375,,,,,,,,1.2314113194713008,,,,,,,,,,,,,8.367718854182666,,
2020-10-16,,,,,,,,,,,-0.4244975421306056,,,,,,,,-29.06205745265226,,,,,,,,,,,,,-0.21567926156447567,,
2020-10-23,,,,,,,,,,,2.6357605058564055,,,,,,,,-0.1437425825653265,,,,,,,,,,,,,0.028241446126884014,,
2020-10-30,,,,,,,,,,,-0.09822358922964101,,,,,,,,-0.042054876593107415,,,,,,,,,,,,,-0.1812923504081146,,
2020-11-06,,,,,,,,,,,-0.17816749525167913,,,,,,,,-1.1209077697437961,,,,,,,,,,,,,0.903700479276395,,
2020-11-13,,,,,,,,,,,6.763944940983723,,,,,,,,0.43356644674325295,,,,,,,,,,,,,9.145460534520632,,
2020-11-20,,,,,,,,,,,-11.858255688743313,,,,,,,,-0.3624869153011232,,,,,,,,,,,,,0.04054848170325692,,
2020-11-27,,,,,,,,,,,-1.0437440800016051,,,,,,,,-10.316798155783069,,,,,,,,,,,,,1.4498179969879186,,
2020-12-04,,,,,,,,,,,-0.05294832668437849,,,,,,,,-0.21265689956241163,,,,,,,,,,,,,2.7691257734530867,,
2020-12-11,-3.813587331328903,,,,,,,,,,5.186662609506363,,,,,,,,-0.052966937011587806,,,,,,,,,8.863945041969856,,,,2.3113331168374533,,
2020-12-18,0.5920879794810782,,,,,,,,,,17.71443658936489,,,,,0.16688751151602443,,,-25.86025298362876,,,,,,,,,0.17852897623185354,,,,0.09171716690114086,,
2020-12-25,-0.04825252564969522,,,,,,,,,,-35.73781522296258,,,,,-42.404026146068695,,,14.5938985891705,,,,,,,,,-7.3401656233442125,,,,0.19211736730235418,,
2020-12-31,7.357541167313067,,,,,,,,,,11.820946038519327,,,,,4.100216829407103,,,4.983790161188118,,,,,,,,,3.9425585689467235,,,,3.2343872415574033,,
2021-01-08,-0.29713339191786325,,,,,,,,,,-12.223108830089627,,,,,0.13507111947221695,,,0.13494092873766544,,,,,,,,,-0.15275591889391724,,,,-0.09091121429749666,,
2021-01-15,-0.08119617114048372,,,,,,,,,,2.603281106342629,,,,,-0.20453662053326552,,,-5.743984640055191,,,,,,,,,-3.741297342874806,,,,0.13297811799213033,,
2021-01-22,-6.186975832640471,,,,,,,,,,-1.0579343289293088,,,,,-1.9901323793931924,,,-8.228250625482339,,,,,,,,,6.349139799791802,,,,13.565077050490967,,
2021-01-29,-0.15604501346072278,,,,,,,,,,20.190018971907616,,,,,1.9820712903638738,,,6.163684134490023,,,,,,,,,0.5572133097389764,,,,-0.02732372620610819,,
2021-02-05,3.7071856848143727,,,,,,,,,,-4.744059741190775,,,,,-0.7931927957163882,,,2.0918854914214986,,,,,,,,,5.422026989744672,,,,0.5578132824753584,,
2021-02-10,12.658490378663833,,,,,,,,,,8.129236834410824,,,,,-41.86243316031154,,,17.768996408505064,,,,,,,,,-11.737188414085082,,,,-0.08143235788134874,,
2021-02-19,2.6446862025084767,,,,,,,,,,-0.04523157467419148,,,,,-0.13205745521530501,,,7.138838061934411,,,,,,,,,-2.563927016223854,,,,10.261725343205661,,
2021-02-26,0.33197435272037923,,,,,,,,,,-0.9139476654941949,,,,,-0.1235081509666752,,,2.6980884127405402,,,,,,,,,11.28211866574382,,,,6.173668612860911,,
2021-03-05,0.09049127049540354,,,,,,,,,,-9.070112182157388,,,,,6.117174948050163,,,-0.05516892753845781,,,,,,,,,-0.2580705973461618,,,,8.016604893167152,,
2021-03-12,-0.7689381041152755,,,,,,,,,,-0.43113693174480017,,,,,0.20582720752557981,,,-0.11183506799121512,,,,,,,,,10.238031289272653,,,,-0.04382797279668547,,
2021-03-19,-0.04922206470188601,,,,,,,,,,-0.22973715711559906,,,,,-0.029320365121179835,,,-13.5082202493945,,,,,,,,,-5.388285458164737,,,,-0.037468581134344266,,
2021-03-26,-3.937636732271334,,,,,,,,,,-0.07768580581207178,,,,,-0.20122997226388087,,,-0.1826308749023932,,,,,,,,,-0.42621402171149736,,,,0.29286272435694294,,
2021-04-02,,,,,,,,,,,12.635257639464172,,,,,-0.2876628130897734,,,-0.28547794916700026,,,,,,,,,,,,,-0.7352299608444669,,
2021-04-09,,,,,,,,,,,0.16805300653670607,,,,,-0.482851830196877,,,0.37015099907208926,,,,,,,,,,,,,1.1947710865910508,,
2021-04-16,,,,,,,,,,,-11.376641263895749,,,,,0.14992149488310402,,,14.149427961642974,,,,,,,,,,,,,-5.389446235157399,,
2021-04-23,,,,,,,,,,,-0.19165223290189493,,,,,-4.172292742452103,,,10.621707006761259,,,,,,,,,,,,,-2.6416703382807234,,
2021-04-30,,,,,,,,,,,-13.08824052154587,,,,,-0.06642415703423993,,,-0.08907969911754522,,,,,,,,,,,,,0.3158287145938113,,
2021-05-07,,,,,,,,,,,17.690967361761395,,,,,5.1096378384663526,,,-4.078020269271973,,,,,,,,,,,,,-0.1221415362327587,,
2021-05-14,,,,,,,,,,,-9.980981961940923,,,,,-8.733599037130652,,,-0.1374527989436606,,,,,,,,,,,,2.905093241228202,6.181851073591708,11.375392010009616,
2021-05-21,,,,,,,,,,,2.3740362992829245,,,,,0.2917684083495329,,,-31.124497371964964,,,,,,,,,,,,-7.335386139501125,-2.115228528339108,0.022951404904750075,
2021-05-28,,,,,,,,,,,9.868026689886303,,,,,2.167912133689197,,,8.035084730056456,,,,,,,,,,,,-0.08628260132418186,0.09559345525842666,0.24546593327834643,
2021-06-04,,,,,,,,,,,6.524452399179676,,,,,10.82429495621801,,,-1.0708415207572572,,,,,,,,,,,,5.577481769707173,0.5687241826186823,-0.14859861057246956,
2021-06-11,,,,,,,,,,,0.2692756039725823,,,,,2.7452306027995426,,,0.2067415964182866,,,,,,,,,,,,-0.18478005295363792,4.827157750662003,-1.638314552150755,
2021-06-18,,,,,,,,,,,-0.13574341074027396,,,,,1.0605926356436264,,,17.506142589150997,,,,,,,,,,,,11.497536748757234,-3.6926789913983535,-0.3484534976745455,
2021-06-25,,,,,,,,,,,-0.15190504410565453,,,,,16.956000599870613,,,-0.4570558063007649,,,,,,,,,,,,0.3614707069192343,0.17699208848870931,-0.27994438490895107,
2021-07-02,,,,,,,,,,,-0.040068277397190086,,,,,2.242013262126201,,,-9.119973555525807,,,,,,,,,,,,-0.04579830517089914,-0.15298609029271945,5.395666012604934,
2021-07-09,,,,,,,,,,,-0.1740669977590443,,,,,0.4783673794625405,,,16.712579088693953,,,,,,,,,,,,2.234086143718654,0.6228431389694101,1.2819884331500067,
2021-07-16,,,,,,,,,,,-24.49789343772235,,,,,1.2549267234120065,,,-0.06304971243085825,,,,,,,,,,,,2.8475040053807685,-19.883968264348844,0.34845729379175694,
2021-07-23,,,,,,,,,,,-0.09882531195049277,,,,,-0.5666190232626731,,,2.477565171887875,,,,,,,,,,,,0.10164774797048189,2.3958160378699205,25.055470255263614,
2021-07-30,,,,,,,,,,,-0.17077934799420658,,,,,13.401259812148584,,,7.599127750511444,,,,,,,,,,,,-0.08964308526429043,1.3899404553010835,-12.88429425448658,
2021-08-06,,,,,,,,,,,5.495458689055674,,,,,-34.10954202098402,,,-9.549187235284691,,,,,,,,,,,,-1.3407634631048566,0.8368367607408652,-0.14669134407205603,
2021-08-13,,,,,,,,,,,5.339413527326476,,,,,-0.08911510443922588,,,12.751773533687121,,,,,,,,,,,,-0.18279121816328892,0.0841546656953999,0.0925481486015487,
2021-08-20,,,,,,,,,,,9.826331330405523,,,,,-2.5926066342006555,,,6.874388456611576,,,,,,,,,,,,2.702880260605879,3.247586695657585,-0.2946929532426389,
2021-08-27,,,,,,,,,,,-1.0149964488300776,,,,,-0.20791761803126077,,,-0.11635261518492843,,,,,,,,,,,,0.7383338644879442,4.892918433991888,0.08097319072022649,
2021-09-03,,,,,,,,,,,,,,,,0.02111777192524597,,,-0.4152817982936202,,,,,,,,,,,,,-0.011528082434079224,-0.8702059497224943,
2021-09-10,,,,,,,,,,,,,,,,0.052240100391553794,,,-0.024406951339072447,,,,,,,,,,,,,0.240570541259609,-0.1948824547098279,
2021-09-17,,,,,,,,,,,,,,,,0.5313316829771235,,,-0.08636098496587474,,,,,,,,,,,,,10.806380617511852,-0.15156762914281074,
2021-09-24,,,,,,,,,,,,,,,,-0.040188489955819306,,,-11.83346066660187,,,,,,,,,,,,,2.9676499330933264,1.2644630444094338,
2021-09-30,,,,,,,,,,,,,,,,-0.08117874285059838,,,-4.0969490959262185,,,,,,,,,,,,,0.1658515893671772,0.02140472177982705,
2021-10-08,,,,,,,,,,,,,,,,0.19560756579748909,,,-4.132212435146116,,,,,,,,,,,,,0.060560671281363214,-1.258367430686397,
2021-10-15,,,,,,,,,,,,,,,,0.8318812442962844,,,-31.638735616104675,,,,,,,,,,,,,0.053750525409884675,5.80438862692945,
2021-10-22,,,,,,,,,,,,,,,,0.7505099490597201,,,0.0622844437840647,,,,,,,,,,,,,0.035993045216188964,-10.909314553601014,
2021-10-29,,,,,,,,,,,,,,,,1.2111662003562607,,,-1.0455348664181041,,,,,,,,,,,,,3.8317514115802704,1.999036243498556,
2021-11-05,,,,,,,,,,,,,,,,0.04660508210960826,,,17.68452133992999,,,,,,,,,,,,,0.20483209373920974,-0.13518352076203527,
2021-11-12,,,,,,,,,,,,,,,,0.2709851045490156,,,4.939711801487711,,,,,,,,,,,,,-0.04414936657448628,0.10979032342377837,
2021-11-19,,,,,,,,,,,,,,,,-2.256348816664012,,,18.164176184812682,,,,,,,,,,,,,-6.116270674784394,-0.13671887043509312,
2021-11-26,,,,,,,,,,,,,,,,2.1884405913462275,,,-5.314597119275402,,,,,,,,,,,,,0.30380396188302855,1.0912492348597347,
2021-12-03,,,,,,,,,,,,,,,,0.5706248583370934,,,-0.16962547257545024,,,,,,,,,,,,,11.624530828825849,-48.867354019761805,
2021-12-10,,,,,,,-0.14793400246706923,-4.739505215861019,,,,,,,,7.40840779439387,,,-29.354073476156316,,,,,,,,,,,,,-1.4879385224486443,0.24732407993440136,
2021-12-17,-12.562153148728076,,,,,,-0.16959344523615122,0.244297937219733,,,,,,,0.18562037179192936,-23.523030926127056,0.7639704209588483,,-0.08004336467201768,,,,,,,,,,,-7.412156703538471,,-1.1040835026757132,6.1603338972732296,
2021-12-24,-0.05429548972755513,,,,,,0.004901967165015026,-1.6870494404687606,,,,,,,0.29753224964345326,0.3677220578438938,-1.324930294074535,,-0.13190415786797396,,,,,,,,,,,-4.2971135069708755,,4.373524238745922,2.1519858535844203,
2021-12-31,-0.015058263668415686,,,,,,-1.6174536415893601,1.9324636422021477,,,,,,,0.04708811140532554,2.73458458495262,0.33958729653554315,,-7.168733538087222,,,,,,,,,,,0.31104248919124955,,4.2732833320205135,1.2987429921284355,
2022-01-07,-5.796350480484305,,,,,,-0.8303047179099649,0.07826022475121377,,,,,,,2.16346381035909,0.12084680502711351,0.05038537409261202,,10.67373273176324,,,,,,,,,,,-10.729881473847046,,-0.006227536166287899,-8.684348475669088,
2022-01-14,0.006641622427833838,,,,,,0.24228072983669013,-0.9112514292151437,,,,,,,0.453044632192122,-0.04248458572282264,0.2025702967214546,,12.007640980461602,,,,,,,,,,,3.0626013796332763,,5.053485303264921,-0.25644819649483513,0.16536071273175085
2022-01-21,2.7326698185529565,,,,,,2.7271393976665355,-0.38686835400366393,,,,,,,-3.769852375185078,-0.5347026803251876,-0.47495894162615876,,-0.24088968495818405,,,,,,,,,,,-0.3920994275555006,,12.64175930454656,-1.442473652212571,-2.762652403305859
2022-01-28,2.768373801293443,,,,,,-3.3300075239565423,0.5627689813142001,,,,,,,-0.19639984090385168,0.05201078085239744,9.129281539717903,,2.693094168660105,,,,,,,,,,,2.174029722343642,,6.928006063355831,-11.448349783466773,0.0048398264172336836
2022-02-11,-0.002893681233519574,,,,,,0.3620828370941641,0.39509276355760325,,,,,,,2.919624652888719,1.3582289951104094,-0.5541440837426563,,0.1879831767688827,,,,,,,,,-0.46316463670637165,,1.2626207423874107,,1.203038070799706,-0.9169548501642102,-15.111623426034111
2022-02-18,-0.01161272206321385,,,,,,-2.2948163379788453,-0.07665420302285052,,,,,,,9.034260189101865,-0.620690152273652,3.6147112793295464,,0.17405699986760137,,,,,,,,,-0.3621171183111111,,-0.027328321063598948,,-0.2965940845354693,7.601807953023771,-0.621145537406907
2022-02-25,-0.11416364576628193,,,,,,-7.188245179505217,-0.09955804858933998,,,,,,,-11.134726131418928,-1.3188047330364476,-8.327000145276305,,-0.05041753840361801,,,,,,,,,0.20290044820876948,,-0.3646250569373292,,-6.994650452718543,9.825757709856193,0.032864382983007145
2022-03-04,0.9605591228309105,,-0.028067276680644685,,,,8.409255950237396,2.0854377382416978,,,,,,,11.61087592906346,-0.18125185879359118,17.744250279006174,,11.779328254895646,,,,,,,,,0.12222015667404534,,-3.385621937869964,,-2.2062903857585123,-7.048055439700599,-0.3222659798360836
2022-03-11,0.3156954434457844,,0.2948829439494132,,,,7.393462806021685,-0.33751326051588815,,,,,-0.028406126919767294,,-1.3911557540681203,2.2255505769950044,0.14180560096069766,,-0.1033849668340978,,,,,,,,,-0.09496061107019983,,1.6625565407531024,,-34.302643286149916,15.195948977170152,0.1688809111441953
2022-03-18,4.614738099346479,,5.754470363140532,,,,0.7185180968138514,-0.43139586038318534,,,,,0.11727476543221281,,9.582454854580622,0.221478236814054,-0.08443356744301131,,-4.941970733846333,,,,,,,,,0.6875350859344789,,-0.14506069033299607,,23.133122859483187,-3.515752205196427,0.10744548636382206
2022-03-25,0.5638306858640725,,-2.165628667555688,,,,-3.5094415021709864,-1.186486142937972,,,,-2.2083379684296083,-2.8860171495421767,,-0.10072547333785842,0.2886549669997689,-0.17454510994917696,,0.474767521324133,,,,,,,,,-0.15785295807973726,,2.7034274051963294,,-17.20356523664727,6.510191491234451,-0.279905663967954
2022-04-01,-18.4031647176308,,0.10066441400097724,,,,10.649977072940183,,,,,,-0.5658352114310378,,0.7795427459375673,0.3174823879869477,-0.8888101451960209,,,,,,,,,,,,,-0.04421000078872567,,11.413324098315444,-2.4346696491476787,
2022-04-08,-0.5371883547676196,,-0.3448773966021956,,,,-0.09336389540201898,,,,,,0.5579866992184794,,-11.109129756410935,0.8086910443319564,-0.3410556920662694,,,,,,,,,,,,,0.014621508250457965,,3.7855237504845505,-0.057567101230605364,
2022-04-15,0.26324145295107576,,1.2635600183362499,,,,0.24791387359609976,,,,,,-0.08430245396535116,,0.10929704407216495,10.351455089507908,1.4662951171160983,,,,,,,,,,,,,7.672753015643396,,0.4186771199499301,2.9930983959796587,
2022-04-22,-1.2683609955175013,,-0.48415124507691243,,,,-0.46208558966859237,,,,,,-0.5037535062062011,,-0.719260851584231,0.5514182363617384,0.05930147237650576,,,,,,,,,,,,,0.3002111114710653,,12.695037641905001,-0.26802904649386317,
2022-04-29,0.05449484016266992,,0.019502489020167157,,,,0.03949082700106856,,,,,,0.2733199215940058,,-2.913153699192632,2.929229401014298,-0.050684890134106264,,,,,,,,,,,,,0.33095374669258093,,-3.892455685753371,24.309706491810623,
2022-05-06,-0.34452628051507406,,0.052153917702366215,,,,-0.14208344115781812,,,,,,8.614302340581084,,12.73871438073451,-0.21720106236722467,0.7871300911005354,,,,,,,,,,,,,-32.97875812872129,,0.3036304890967223,-0.2023412680184749,
2022-05-13,0.7300792927903339,,0.9502836813832312,,,,-0.2983551043596845,,,,,,-0.08206943393761479,,-49.229341750061494,-22.765754886173227,-0.030057761471490772,,,,,,,,,,,,,2.8315869753855116,,1.9778431004226342,8.031117392090943,
2022-05-20,3.30514601347541,,-0.9284858822550346,,,,1.211475810234356,,,,,,0.10380867936047641,,2.8462788995945765,0.7333920456485402,6.908878864019004,,,,,,,,,,,,,9.540281737960662,,-6.74833883477386,-1.722005002249433,
2022-05-27,0.0576339975259577,,-0.696082329700723,,,,1.9793972538627258,,,,,,0.17777938486952133,,10.03310702817226,-0.07708341581141759,15.031938300977506,,,,,,,,,,,,,-0.03593264348209686,,-9.01023996040865,5.308332134658713,
2022-06-02,-12.82920086955727,,0.3652131443720641,,,,0.08161155268546502,,,,,,-1.2045066631377879,,5.510607789987919,3.104624510156599,-0.5632263512519102,,,,,,,,,,,,,-0.2986265846487804,,0.58138602424434,5.029047015198241,
2022-06-10,0.5584874198495857,,6.9650498689536935,,,,0.06866602216509078,,,,,,-17.521361818655265,,-0.07992032102663107,-8.794550773376017,31.556636709116088,,,,,,,,,,,,,-13.057265488710392,,4.716473481154188,-13.993696278877632,
2022-06-17,-0.14719380522769748,,-61.111598435277024,,,,-0.5326286220224309,,,,,,0.11780929944094395,,-13.926864608739866,-0.28777673880388316,0.003145537815423455,,,,,,,,,,,,,2.562968984334848,,-2.3387796913718955,11.271673569122665,
2022-06-24,0.06907255575045011,,12.15867029225621,,,,-9.583712668046285,,,,,,-0.04053612174496929,,0.3099275643253838,0.8463343007492055,3.1288009351450214,,,,,,,,,,,,,-0.15589586515726817,,-0.29466047291038644,-0.6800300447904333,
2022-07-01,-0.08525969883184145,,-0.4186077116812078,,,,-0.18580199932173597,,,,,,6.981978487752881,,0.2859490748377297,0.8640387133619276,2.061933370926525,,,,,,,,,,,,,-6.214819206550462,,5.582664002828727,0.017734462859689562,
2022-07-08,-0.08526784206015163,,-0.6487137272001262,,,,17.454995694241152,,,,,,-2.858364136047996,,2.2515234542202944,-0.1939640065159276,-6.532038995043153,,,,,,,,,,,,,-0.16593226982650205,,19.56710834687658,6.002080597546097,
2022-07-15,14.300585420056947,,17.282427159046396,,,,3.40177838679662,,,,,,-0.3217669744022814,,-0.6525249355499891,-0.009902565285178203,-0.9706745980564312,,,,,,,,,,,,,9.939266652816727,,-2.5740382902232946,0.7980501249149963,
2022-07-22,3.5702787251132997,,0.012369171578735808,,,,0.5641553915314741,,,,,,-0.7107293077088217,,4.027203612577298,7.156163828094806,0.8025199032031372,,,,,,,,,,,,,-11.894284829779593,,6.243226254685231,-13.099773901518217,
2022-07-29,-10.619968852891919,,-0.1167422079064878,,,,14.720012542309203,,,,,,-0.1424141442869974,,0.6246362365116952,-0.0015446687765936912,21.197984661200376,,,,,,,,,,,,,3.3242654897076753,,-1.8659600557519078,2.5202586044600186,
2022-08-05,0.5374251964914121,,-0.4881761582719775,,,,-0.15153550249778175,,,,,,0.7334775224962042,,-0.20090186521140527,0.24382226760081321,-3.330952975667042,,,,,,,,,,,,,7.607379008715928,,0.007423143767021429,-30.601204354315197,
2022-08-12,0.35339025666971297,,0.3031925541725309,,,,7.305474316602884,,,,,,1.899325309617025,,3.9061363203708908,-0.02972118843445584,0.23177258454062302,,,,,,,,,,,,,14.66207690723294,,6.6483975612878075,1.6585967304336453,
2022-08-19,-0.2890502161024424,,0.31343408178303,,,,0.5522478958888515,,,,,,0.06587390006141038,,-0.39237448705026823,4.299222266560113,-2.3047405644714085,,,,,,,,0.026587583439039567,,,,,4.403396882778853,,0.8238463743467426,1.7089564142471454,
2022-08-26,-0.8207320881186282,,0.015958617678063836,,,,-18.136953117460372,,,,,,-0.2092219011117803,,24.785170756616225,-2.593090033960365,1.633497692133984,,,,,,,,-0.41600694411330824,,,,,1.0540225060866781,,-4.824117154190107,15.166459950955263,
2022-09-02,2.699475843224911,,-1.021540008562702,,,,0.025929188046521088,,,,,,0.07147934520152757,,,,3.4529703855733285,,,,,,,,,,,,,0.14016149185527077,,-7.620212340916228,6.0634137074758625,
2022-09-09,-0.7585527681235094,,0.15901866634353418,,,,1.3922821662642098,,,,,,0.1110181154345074,,,,-0.03169840154996379,,,,,,,,,,,,,31.102944780665503,,-12.34436483278906,13.353513999124052,
2022-09-16,-0.32595220389876606,,0.15315569886821603,,,,0.26525933913134414,,,,,,0.11570932210344043,,33.32819588742713,,-0.027607341997834323,,,,,,,,,,,,,0.8170188156093561,,-7.035936015281658,-3.7831572831554516,
2022-09-23,0.023138744534510355,,0.28484246369661825,,,,0.41244554071572176,,,,,,0.029212105497807866,,-1.5159541686452886,,0.025227265376324137,,,,,,,,,,,,,-0.1424416973592403,,-1.6918522426037965,3.89415553943139,
2022-09-30,0.08646754513837623,,-1.4109330806421894,,,,-0.07889303463515729,,,,,,-0.1182953753077049,,-0.5138784858631501,,-0.27835548288919837,,,,,,,,,,,,,-46.700151174305375,,1.717554282633035,-0.22203716787289418,
2022-10-14,0.001408883628588195,,1.3100142312966065,,,35.09123051641366,-0.2585834817574899,,,,,,14.953019418215588,,-1.0824791769696573,,-0.5685862000384407,,,,,,,,,,,,,-9.131312046069974,,0.09053375884472659,-0.4799345462805729,
2022-10-21,-18.416427759112125,,1.1526899503637416,,,-0.32371224330706516,1.4314889953959886,,,,,,0.1805354258281091,,2.7264099740257475,,0.12797545178273717,,,,,,,,,,,,,6.078276993200574,,0.11992032376985748,2.0023419580165633,
2022-10-28,0.6450047037339403,,1.5577005311978336,,,0.8691899038482493,-11.293567705988178,,,,,,32.568105949808235,,-44.27004318878369,,-1.0086563131264543,,,,,,,,,,,,,-0.7777511539126536,,-18.93936305047018,-9.600519457631528,
2022-11-04,0.568874673304561,,2.6889416552622984,,,-0.3122565851376192,0.9278040884659376,,,,,,0.2545535912625332,,-0.44693156830756026,,0.1596875476308402,,,,,,,,,,,,,0.1752655317219809,,12.1895303104498,-0.9826386114346384,
2022-11-11,8.343131486472455,,-8.941977625287564,,,-0.013611255912388404,20.657462966947904,,,,,,-0.3545607242925357,,0.8930092720533722,0.9609885688654279,-0.4472071741334651,,,,,,,,,,,,,2.671321518689646,,-11.002163878693185,1.1618738027584847,
2022-11-18,8.743947359789637,,-0.057146345384744085,,,-1.3193209801807546,-4.320188968714654,,,,,,1.758495532778845,,-0.09450040714632232,0.20164618934779338,1.0860329076685828,,,,,,,,,,,,,2.588108999290162,,-12.439205299248357,14.166143919639042,
2022-11-25,0.035190138509484936,,2.0165620519094505,,,0.06382331880277325,0.7752223990659638,,,,,,0.7401638562895083,,5.126103289232255,20.58939550324375,-0.5583710185018569,,,,,,,,,,,,,-9.962701204719181,,-1.211508088989326,-17.07938652399143,
2022-12-02,0.04587297025685226,,0.9369893514419018,,,0.010490178698229657,0.3294188102237572,,,,,,0.3482521699260348,,1.646055203092966,1.1776522326300092,1.2260255871743435,,,,,,,,,,,,,-0.7746941935323051,,19.12304947383573,-3.649775321479329,
2022-12-09,-1.2737896042110626,,1.1916380666302977,,,0.14437733352447113,-23.011765098839348,,,,,,0.14449482972549646,,-5.514483168790494,-2.9993133343508673,3.973106286439863,,,,,,,,,,,,,-2.792902578044936,,-7.0087768421009695,3.0791597290288335,
2022-12-16,0.647492713825967,,28.701531617853444,,,-0.4908667803021274,0.0412246776813093,,,,,,-0.7747863281707805,,-5.906892335762584,6.057776681485599,0.4669003641680928,,,,,,,,,,,,,-0.21711946866516346,,-6.997281214435341,-5.212291520318788,
2022-12-23,-0.4032166475171016,,-2.5002160291269924,,0.14150507069175716,7.054227582854401,-10.799523935243068,,,,-4.5157060408424226,5.600622997301924,-3.5843470708719654,,0.037579156272037006,4.909607699722148,-13.560826566722838,-2.64152747365388,,,,,,,,,,-21.20285606891206,,-0.8543408484171473,,-1.0783706517819784,3.2223545402991918,-32.9584714854754
2022-12-31,-1.5904584238829271,,1.0004457665756221,,0.06017712720229479,-1.323395117900693,10.610045623291164,,,,-1.4569453914265256,-1.0789773600457062,-4.6040032347650826,,6.810752511415323,-13.60439602197792,-9.897156026070814,0.2257481321132735,,,,,,,,,,2.1543616790941096,,0.2771778496930082,,1.935956866140041,1.4993600222529042,-4.293326023989123
2023-01-06,12.392291363239128,,-18.135768853548292,,11.491839345129254,-1.853340481723202,7.637802097979667,,,,-16.99747203695064,-0.12861429910526567,-0.7898122177521034,,32.70142427831819,-40.3921819476656,4.457713916300452,-1.612339525213443,,,,,,,,,,-24.190397731371064,,-0.3680435898252237,,0.8591286907195212,-6.216369631107047,-15.100109471661677
2023-01-13,10.437636327239074,,-8.135216287275773,,-0.005476660647588977,-20.173461970379023,-0.8261717526731766,,,,-34.25584404390523,22.265527888073755,-1.7121952575567447,,-38.718410971547335,-3.648241711391614,-0.9378032042418697,-0.9304905947658854,,,,,,,,,,1.8921801590389387,,-3.994309014654318,,7.007947652365517,20.436086464778878,14.026254344866839
2023-01-20,1.8652919315275867,,-18.706857372348868,,0.16146233073363742,11.692777991142469,-0.3810972724754743,,,,-20.345843377299055,0.331038197040733,2.57040334858662,,2.235760527386371,10.881413824786236,2.543694846307962,-0.04239675033449242,,,,,,,,,,-14.757156607437881,,-13.10250311303614,,-0.3427132778920132,1.1511232237234352,12.747042442183536
2023-02-03,0.9512634702116745,,0.03325903411061102,,0.0021273594980392007,10.99788765400978,-0.21911990799394948,,,,-11.032363028269543,0.10298641451129165,-15.951073953152372,,-0.3126590672271606,14.517517064284934,-13.683523818187396,-4.636832989337979,,,,,,,,,,-2.2202016048120545,,7.04251623298279,,-5.269204556960817,-0.3609688662624607,-1.024319477097451
2023-02-10,-0.43004135619041217,,4.710562407203573,,0.09605524380840748,-5.62832038668201,0.5601792985803217,,,,-0.1428020271103326,-0.1524705949010007,19.502755877045985,,4.8769691494584215,-7.356228352809399,3.847094631381483,-1.2588799494543075,,,,,,0.02453428448303374,,,,-1.654572377556947,,-0.1255244561019666,,0.03885116503870577,-35.372458184832276,-0.029609407506058567
2023-02-17,-13.226899724417459,,10.411155555050081,,-0.02337753545696899,16.40825398337935,0.32397224210592956,,,,-5.71138636062558,0.7006309537959872,12.048799902727154,,-0.06494575783695591,-2.7449646888311294,-6.2830094959962715,15.029618117501249,,,,,,11.4561737387769,,,,1.001125185768231,,0.6521264683669172,,-15.586406430842889,10.863651651697635,0.01829710144098072
2023-02-24,12.087244811396895,,-24.987316286946836,,0.034392410106674196,-1.684164178443991,3.5645909407059007,,,,0.47823019684837365,0.00309975159415897,-10.292858280776116,,-36.63882023583854,0.7716150757741332,3.8645814645488015,-0.2244917621391042,,,,,,-0.7295499928128263,,,,-0.9067711199382533,,3.359843675940624,,5.877881050367796,14.843491262112684,-11.734451050237698
2023-03-03,0.5135679971927569,,-1.1412668763991445,,0.6300975814682743,0.2930196484114441,-0.09439867550993392,,,,16.279741100110183,0.3310676397812239,-0.8225644849486613,,0.1633314692601171,2.4978702327817457,5.748927486995973,24.031716585175573,,,,,,0.8305588144725602,,,,-0.0717787057433514,,0.2793155206803192,,-0.0003601541946630926,-8.633500428509253,-9.393396776969462
2023-03-10,-0.16908392431339278,,4.051961005864852,,-1.6578499138228016,-2.6730931104871076,0.055158770344336125,,,,4.88882354274986,-19.797430174526244,-16.83920183777372,,1.2680361256866655,0.679247267364097,11.616011647507435,-0.16409998973710715,,,,,,0.3233818589301254,,,,-3.324649857353649,,-3.1651742307962576,,18.78436680807515,11.382168016492072,18.35623942889269
2023-03-17,4.297595103666212,,-10.696981088240328,,-0.16844442164011741,4.655950929379571,19.458168984115645,,,,-26.043773369915264,1.7724668483975028,-5.628844606146323,,6.064934041723664,3.8438253999530425,-0.15525716240080434,6.136785703743223,,,,,,0.5477387205296368,,,,0.6811527968958603,,-0.7832596559190825,,0.318687428337398,1.416721044892289,1.019013146224729
2023-03-24,0.09844764529276899,,0.7350475908554057,,-0.7002037618869023,-1.3801814533327992,-0.550384285193493,,,,10.86472720096493,-0.026665376985032976,1.4817503210561507,,-4.720445943485489,1.0144775629976983,-5.057933928851994,0.10701044726393516,,,,,,-0.36255319366920746,,,,-3.009077020639248,,-0.7440154077954579,,-7.634615725125485,-13.70029103838184,-3.7498159641774826
2023-03-31,3.354622001043882,,-0.47469461160027693,,0.03698881986350198,-0.19784874602001132,-0.014941125069197841,,,,0.006069679085520918,,-0.628669103229298,,32.25380385066547,2.5271053521306595,-0.11823680262061145,0.19215521221956355,,,,,,0.2874939911545913,,,,13.007654038877554,,10.735426645650055,,17.385107326714298,-0.17097133421046973,8.753752842104229
2023-04-07,5.018314770009937,,0.02810538493650691,,-1.360769237298888,12.212973307008273,2.1116092861567908,,,,12.245224712090982,,-1.3229160990101558,,1.4053828954703629,25.717710825114796,-0.5499368006961134,-0.04022699805678232,,,,,,0.48050741606544184,,,,-0.15283685406275016,,6.365788580669508,,29.586200052340324,-0.18718214339307104,-4.564427869489078
2023-04-14,-11.530562682821461,,-25.27173313341588,,-1.3541770394163994,0.1642734076123638,-4.616378462419465,,,,-0.39142631016107243,,-5.085484472336392,,-6.191862094512387,1.5782776951819646,2.490765613073939,-1.0349174290089742,,,,,,-18.969212486527663,,,,9.989953664077992,,6.705804822925252,,-0.8923673175878943,6.340022082453905,-1.080907403629389
2023-04-21,-5.799864125331389,,0.19914800487919537,,-2.6058422764776017,0.2180640659705393,-1.595797821036931,,,,-0.06830288956255307,,6.730897799079621,,0.868661776676737,9.015308479808791,0.22696137749188627,-1.2333991289945376,,,,,,-1.4405733336618063,,,,7.8717102618065375,,-8.934028905812424,,-17.035865624474518,-11.307177665558669,-0.13071940976644728
2023-04-28,-2.1902100188021807,,0.28792749039301085,,0.1099583525418733,-0.7554361569901066,-0.08875313240828545,,,,21.39487396353991,,1.5434465981588712,,-6.22012435931443,-0.5348667685433558,1.871814959713889,0.9698124110054309,,,,,,5.205411279609194,,,,-6.966527295299982,,26.14697965462036,,-2.5718086060137146,1.4857727018538727,-3.86571305781814
2023-05-05,-18.30263797013206,,1.571103514111277,,11.100266809273222,-1.3586672846137335,-0.17206006107555777,,,,-11.882259100543694,,1.0343252848099032,,-6.792727110238494,0.6913737044085757,-0.26226549951016875,-0.34844096750215275,,,,,,-0.05212080301207261,,,,-9.534010619812582,,-3.099838232477162,,-5.887382728584898,4.165817100104615,5.889627688168113
2023-05-12,-0.06510595394014143,,-0.11782558458173512,,5.205706427581501,11.995994410581954,0.24094345355812985,,,,-0.13395657027678895,,-13.325234618433212,,0.8875438322877716,-27.423615757270696,-11.232736272291335,-26.589139862993395,,,,,,0.6697429680178874,,,,1.4070594763240871,,2.5655866866228796,,-3.3582138020661105,-47.62995583972368,0.2207333879322374
2023-05-19,1.2045013247300314,,6.060989357641066,,-0.7688736440754457,-1.390579252191396,-1.3185755531685033,,,,2.0038106772552067,,30.112408463554917,,8.005678996575822,-2.9237647483027094,-10.335129004742047,-0.28554686986007605,,,,,,-0.5704199773325609,,,,15.27397527324084,,-11.806301766079509,,4.878069960903818,-0.3593200905188031,1.4154211738014602
2023-05-26,3.0845362972382535,,-0.51710733038134,,-17.488112752720852,11.441803496348342,-20.873756245596674,,,,7.079987233472095,,-4.427953806975127,,-39.71395941570678,-8.542674918115374,-13.996633687260882,0.018279945432747968,1.4506947917141573,,,,,0.994025663106858,,,,5.048965018859558,,6.499898884307008,,-0.3097319182842704,-0.9247515441924157,0.042561106507975385
2023-06-02,0.04135860713837791,,0.15780541832771022,,-0.05397951329345063,3.4392124311674674,0.04528561837574678,,,,-10.656576408016775,-0.049152859209428,7.000277569391519,,21.529617380350235,15.974399927080626,-5.273567683276845,-0.3953389824709934,0.36415738062656455,,,,,0.3283045343745402,0.24842353884856516,,-6.63231948600353,-0.13560835053066567,,-0.1801130393158934,,4.859997046032858,-0.39554820144650243,0.41350938438592916
2023-06-09,-1.088107980181995,,0.018571288331148378,,2.0310705453988245,-4.680906751236917,0.39472528512060284,,,,17.438118641431622,1.3122642308180625,-5.388922412363877,,-4.491990450675077,27.772700433477308,8.390154634304006,-0.8262124523816896,9.219871096393748,,,,,-0.44893600439271875,-0.15661474975400808,,1.301230702646515,-55.27794010326336,,-0.05812570932991168,,-25.05065626763393,4.847534516401585,-13.016521188826609
2023-06-16,-6.639780864916998,,-0.31022452059261985,,0.08797197454971267,-0.2483597685638909,-0.5717555149956248,,,,-0.09466486882432049,-0.2675410057011753,-0.8289199693844362,,14.202859476180873,26.843820693011818,20.375985552883172,-1.1627780659950788,0.530237625281322,,,,,0.06271513043439345,0.2778409883307838,,15.115344812181483,0.9012529500044766,,11.348818205449225,,-20.587516715110272,-0.13131447183464098,-0.8743927521347594
2023-06-21,0.32756543240543895,,-12.829689871787116,,-0.5783768680356851,-23.36115010108014,0.8712721204046192,,,,-36.41242862509083,0.030702955773031053,1.209353266152467,,1.7292711917178787,33.976130205801255,-0.9729964790117582,-5.8455574714628575,13.270134522994724,,,,,2.1025087755534626,-6.160338776478534,,5.165292900082074,6.635745527542334,,2.069973936119343,,-18.77855528967892,-0.7838519879632582,-10.851693188911772
2023-06-30,-17.139081543249986,,-0.02304843683259245,,-14.663753575723627,0.35834094760635804,-0.25767598111471246,,,,19.588760081763468,-0.014186519336090338,14.046030583241299,,41.6677086776901,-6.414881078667339,-3.0108893096159726,-0.29144864026454353,19.246183055174832,,,,,-0.4457416644555867,-0.5297527321889682,,0.5805310916831818,0.05831267485682734,,0.903736682509761,,8.098004339945573,-0.16311269438376194,-6.871311381101654
2023-07-07,10.221383434900202,,0.13900726940031538,,-1.118741496858175,-0.43356412289900914,-0.0838244222496699,,,,22.983054067548736,-0.07984321797157315,-1.0818949298052598,,2.571511543673962,-13.431478900136902,8.354277971043938,-23.58664854526682,1.1314895798234832,,,,,0.6001895348581021,-0.6129294609332558,,0.5230275987616676,6.77222563562345,,3.3442164842450763,,-12.866730258974137,-5.380003867081476,8.780929445432118
2023-07-14,0.16360237916041404,,-0.7215375220944947,,4.49272370650743,0.24001938263276842,0.33756870584198273,,,,5.191015273095601,-3.1783932997354603,-0.6011884806542882,,-0.7602930075576149,14.626138407725595,-5.966171778978607,15.740547669516616,-14.590007073071343,,,,,0.054691986853525984,0.09507155374049553,,0.6659136690912781,-7.978542855459421,,-0.21035403696480975,,39.023279077436406,6.241749865381114,1.0374419993191826
2023-07-21,-0.10745920712164451,,6.32235959470839,,-18.09696055440648,-15.57416789188676,-0.10494261545312449,,,2.515037133330832,18.82677472396305,0.39135217877923734,-0.36805082241150633,,1.0212552943690725,23.136746001824868,-7.460148829587093,10.479628749303238,3.1574858596598103,,,,,0.4765258584848129,-0.7038602697798423,,0.4992888801254126,-0.04430064097409475,,-0.14972241685452503,,2.9726666708338656,-1.1094282255380479,0.564415708721019
2023-07-28,16.982656557572096,,0.08319539316929393,,-0.19376543599631316,-0.5454852119951705,2.1584808021871282,,,-1.4499242407077477,-11.193693496150876,-0.005867841650145644,0.4289024591328256,,1.6780912684638503,0.4860997473118709,-2.1357133622454767,-1.404922886646016,0.5028648355461026,,,,,3.4178816978446447,0.18263868156703772,,2.2736825445599047,-10.360892615813663,,0.17844708550413413,,12.68984295332811,2.1990017996019033,12.624445201774193
2023-08-04,-14.974634051424328,,-0.14729042550593807,,-0.15827584606612577,-1.9726984730957677,20.40585733675148,,,10.520208355207718,11.085869997619296,5.2199174870890435,-2.7344511558073727,,32.561013498458955,19.075470343417603,15.832253253282909,-0.3067731896776681,2.4564180215089655,,,,,8.066433260957279,-0.019103806573530335,,1.428664200367809,-4.264830798318401,,0.3145782918565941,,-0.7408666835471842,3.082085025818804,-9.629309211384806
2023-08-11,12.425482877605273,,0.8918556354462451,,0.2638024814791871,3.063645600132518,-0.08580702786784761,,,-0.9059577293762922,12.722234916154001,-4.759850083611011,-5.3600966311354155,,-10.98458708304468,0.6930042299420632,0.058025657323643176,-15.156059560401808,-74.26827682368719,,,,,-0.6230366117768095,-22.517743806689012,,-0.2630061711675645,-1.7333864635584462,,-8.278335414695242,,13.14413516446846,0.04519849942529114,-7.662371676671953
2023-08-18,7.440105800001123,,5.046437037511987,,2.9003487013807923,-0.42749197319717525,-2.161599762027274,,,0.16446338175457503,0.9976900718006876,0.15419681067322702,20.105384923319154,,-5.336137651690349,2.2586206525056713,-2.4311084411586825,0.02252470998212297,-0.7194185728377763,,,,,-3.5326556573681236,-1.540325677643302,,-22.303989814911077,0.7863706362255225,,-0.15097904404343532,,2.142203566430656,7.015505197634379,-32.32862503349319
2023-08-25,6.746210239180265,,0.04792316454143836,,2.62981559145568,2.705752825566719,-0.17851378316750036,,,0.12695437155450726,-5.15165596108302,-1.4531816281801198,1.188257096713161,,0.66886039174518,-26.57181220341284,34.90678199296696,49.67816299617761,3.5673260140547782,,,,,-0.15450699568720894,-1.8303602854254253,,0.008957960950864291,27.560374074673582,,-25.711122361583683,,-1.0012662331861895,-0.5854813635662267,0.5494480999662166
2023-09-01,3.7138988561383326,,-1.4072104575164308,,-0.07308014733840129,-0.9748564253439318,3.2083778779759884,,,-0.030162119169231897,-0.5013657092535525,10.805912029375596,-2.116789130491007,,8.566360013352497,4.293109146512093,12.518320525898492,0.6997412324704485,-0.45362343984492537,,,,,,0.16731167249203033,,-0.698579441919668,,,4.318258543826024,,-9.193559886796445,-11.43495600250621,-1.6057127620489422
2023-09-08,-8.081068119175654,,27.780539096685395,,-1.9482701941398504,-3.454455532842499,0.07114576795792094,,,-2.0645253590172983,12.040461481635795,0.26858970242014796,-0.1615470235319172,,2.757550305765492,9.162669104778633,-0.8417216610091982,-32.453823099902664,0.22849353331309707,,,,,,-12.16876726235443,,-2.6652839379407824,,,-0.012188266611471488,,35.97873870869225,-0.22873284366374214,0.03512895473675817
2023-09-15,0.030392825352256233,,-2.5482706972503464,,-0.13590682577821964,-0.5333919323944233,0.014159153705238264,,,-0.3114876270217218,-7.330275309657061,-20.960077421659705,16.71813953311971,,-0.10574186696911643,-0.43305294281469453,5.844531888898488,-7.162562668525652,-0.9534516215400151,,,,,,-0.02439783269206608,,0.18311074946311431,,,-0.3086813083886279,,-6.937731487816536,-4.374458234047767,0.09429481395198724
2023-09-22,0.1484908322668269,,-0.2564242219550614,,0.29428451456773735,-0.39587825257842285,15.126938493224396,,,-0.011210117439152175,0.2933729850290451,0.17779915045971553,-1.3073658557194934,,-0.13356457423356985,1.1428223185562465,-0.1340804528990711,-2.1036511119314425,0.2836969221954793,,,,,,1.3239699633941784,,-0.1430178999225602,,,-44.27015863624099,,3.6968792081814343,7.194972871140683,-0.4002418141176003
2023-09-30,-3.9721517548379826,,0.013771376935832275,,-5.090116497036222,-0.002903306771855352,-0.5761362763635461,,,-0.24169557754447385,25.656121746352348,0.7248097783068714,5.061902250749593,,-36.23675728340021,31.593810464017068,7.9178807517599195,0.22881327678560326,-0.2172161715026131,,,,,,-1.0451008698620439,,-15.279653902152859,,,-0.996075646233589,,14.914743981424536,-0.3051740775463851,0.24682327833293227
2023-10-13,-2.592691604896218,,8.167453115867577,,-0.15496619334602268,0.5955605806752099,-0.28994295445386575,,,-0.02235073973154464,9.120418411541866,0.03782976399571013,-0.028549757982761048,,5.1665550189444165,22.321914846580402,2.6818187915476064,13.622080384197819,-1.297354359614263,,,,,6.925470976794417,-1.7459571063842259,,9.586666972983501,,,0.10319082963260351,,-27.853621206338723,3.129405320665569,-0.12032247108303973
2023-10-20,-16.673131227249602,,-0.28673854243035535,,4.135207488410834,-62.58508382165602,7.874104408215322,,,0.8779294639553823,0.21249649756710215,-0.08989132098616487,-16.949227396382152,,-0.3085773923738075,13.876923172746501,2.918149782078758,-0.06471475669803528,9.682026594678605,,,,,9.376090084247991,-3.343999744185728,,0.6612821947658976,,,2.3803523105712,,-13.818763130920864,-0.1720424875974414,0.0908163955790291
2023-10-27,-0.38479254769676996,,-58.262885165222954,,0.28703649370198214,0.04011093661433929,0.2803682420889119,,,-0.13693017425716883,8.44104924437239,0.15698738166933934,-17.06882834712943,,0.02652815689509308,-1.4379063599315212,0.2591406879210757,-0.25499053200575145,0.02483865517565888,,,,,-4.628538838635107,0.9744723051430442,,-0.09103823140273642,,,0.1351609555301301,,18.46772720331831,-0.17466993212316095,-0.003476666463275116
2023-11-03,-10.728628883057064,,0.32061974056297,,-0.02524768796157468,-0.046216734174663265,-0.00811155009806351,,,-7.96094693975088,-7.6325307623132055,-0.4434602252296625,0.12238266223307177,,1.909158290825499,-7.459104823212755,0.18970851190090032,-0.5401426852060667,-0.05950562760256896,,,,,39.88153720954796,-2.247284916264811,,-0.1974838592907121,,,-0.03067955076364931,,3.696930519986065,-35.620285971847395,-0.612837342405427
2023-11-10,7.448995905316914,,1.884966079366641,,-0.2739437974580923,-0.23878491029075746,5.120831535178315,,,-0.043760688241175474,18.88886216703962,0.5911819509045431,-1.4189374727629633,,-12.429065367549118,15.819070182213295,9.455961280532579,-0.7004490401833978,-1.5437083448034024,,,,,-11.466123365742732,2.571131956452415,,-0.00586648877377292,,,1.648093857706482,,-3.3855492798010953,0.2750639354628183,0.15339922066451522
2023-11-17,-9.56884404565151,,0.22019126190494234,,-0.11546342989040684,-0.6827706477140776,8.119845061759946,,,-0.45026044503311885,-17.713443129863744,-2.953214886898992,1.9961178097733323,,-35.58873973390426,-1.2652036446281127,1.62456884284528,-11.678841327791396,-1.0034846585736625,,,,,-75.0559387160391,-0.13375947079055878,,-0.11756986542618075,,,14.283834167714383,,-24.159480258473668,1.2257002812689857,0.24992810903731777
2023-11-24,-4.833887495754143,,0.06873217615887438,,0.07278307581524282,0.25411168684761154,-6.996671753456798,,,0.46980427068468983,21.676357370894085,-0.011082421965378376,4.698000699782675,,-6.107393028967124,2.3058970444341558,1.1265464498749727,-4.366658563861321,-0.1647741113000143,,,,,6.121064997648569,0.23576471211670857,,-59.26680982630085,,,-0.12102728050156658,,6.656699483020863,4.856272117930433,-13.044546204314434
2023-12-01,-0.31220055383048456,,0.8977824643161773,,-18.315163694476702,-2.4678356358834828,0.06810390703640541,,,-0.07135679419316729,8.007567906723871,-0.02911443946331952,-10.29219950854478,,-0.14897820717493576,4.097702602915034,-0.3489829322277268,21.59105008909002,-9.676217849966502,,,,,-5.308292076778287,1.5351800865468042,,-1.2719271058439698,,,-4.360473365084747,,-7.203710336351717,-45.43025900345209,-0.0023421816357857596
2023-12-08,0.43156576964353344,,0.3697354109932984,,-0.11902013048256746,-0.21814572862099635,0.27573322471568384,,,-0.8370615192153829,-9.261147213699111,21.505055713957926,6.1812880608464145,,7.738712563027239,6.770828342024681,-1.4569865255003402,-4.748097149309714,0.23611947723618226,,,,,8.938865143360196,15.638387950306285,,0.2361673670486069,,,-0.3533531912038368,,10.636482107898242,-0.19239809547495768,3.5739893016493656
2023-12-15,-15.955593266933642,,0.0524918153152687,,0.1653027978383869,0.8393837444114315,-0.3038688458986525,,,0.6134189411611572,1.9310443968114497,18.58261066303961,4.398276152422072,,0.9773985719483933,4.5808668935739485,-2.407692083749507,0.9402462106010774,-0.09613317663907628,,,,,3.996514943451336,0.11825975707440217,,0.3284739807260654,,,0.30856766350371023,,0.4957528502524102,4.482388866962653,-0.0829292100690305
2023-12-22,-13.571994447942576,3.703215449694035,16.598492858474437,-4.881732140061631,0.13507926671077605,0.4731184660136689,-9.489222298391214,,0.09825988548529384,1.4311250617580549,9.886267198627383,11.263251876813094,-6.2190462129104604,,4.893622585120949,10.171543392425017,-3.9474502762759496,3.0118829616002145,0.5101581932056298,,,,-5.369005849234991,-21.832504173267257,-19.825403215568787,,11.981801119356373,,,10.716906311376384,,-17.451384191493226,-0.06598449295461724,-0.2658191173908472
2023-12-31,16.698311925049342,4.848850101897391,0.30512432999047223,-0.30410774258075207,-1.1023118996153287,6.071184744290681,-8.752810206996974,,16.285645077921906,-0.03901835348100843,-1.4339101220775792,13.269773383617986,6.979020397209389,,32.5509946857349,-5.7446621281893835,3.429141437277838,-0.5700296309151303,-20.94836280135646,,,,-8.866354350812031,37.330729913149455,-59.00233530598457,,40.62671398643726,,,15.375375991399006,,2.7759707790785146,0.19401792138833018,-0.04791721499449367
2024-01-05,-15.971751804404166,20.54949802507524,-3.8806822161418246,-0.003693298468456341,31.600927877179302,0.010365084978998865,13.681184981713217,,0.011903329145883143,-0.12194216591937612,-5.548758132559216,-6.567359822494685,-4.385874792482514,,1.0155581377232428,22.22840998401086,-2.4553304540655523,20.6375903387089,-0.46918844390092873,,,,-1.8489595412117978,-64.97362084777033,-29.846659145518814,,-8.11353879681837,,,-0.2109316457614988,,-20.667335473721366,-1.6865529636738483,0.5162550397252128
2024-01-12,-0.31359493778141445,-72.43318191161578,11.94944003365088,-0.9256646145214251,3.2797911892297744,0.20008510746403121,2.2851724095512873,,12.59215702556711,0.18674430768768413,-20.884832131919865,1.5684732251549138,-0.5623892685654608,,0.34462517965424666,18.387108626428773,4.7374070397456745,-3.517699313185285,7.24489782232483,,,,5.039072647005356,-67.28269381110279,25.700529956478018,,-8.254507407836368,,,-7.5035166445241455,,7.88231964394792,1.9075591969626162,-5.675039195230165
2024-01-19,-1.7170971385949425,31.351353504063887,0.5094965630459681,-3.246741209268105,3.1165981128146676,0.6452464744284744,-0.3360386321567289,,-0.11992484701212333,-1.2155526028606198,-3.118251856286323,0.4817407824114185,0.3092667428798006,,13.994710102807264,-40.15768902161391,-11.861896129355909,-3.723845909537374,9.845778936910852,,,,19.926293758455632,-17.549594375465446,-0.1321242700882771,,1.6182793914636777,,,-8.006059381758622,,-20.523531905957707,-18.16697294406639,0.48648997286984363
2024-01-26,-1.2780398767603895,-0.1601974101207828,-0.34019906338451633,0.17657855171756126,4.470059244805519,-2.566032523350109,-3.061090171323394,,-16.441493843006455,-11.245842639265032,-1.3401569989412783,0.013480327424301379,2.727657039244254,,-0.05476505236967466,23.886099203782905,-0.9755740456763949,5.683991380925271,2.0993541336310786,,,,-21.680414827682196,4.102527824807578,2.7890598556342714,,29.58593980678424,,,-0.12162397754474134,,1.3308736984055973,-11.685156985630414,0.44818234695439507
2024-02-02,0.5495681663085619,35.56385705014989,-0.10303482561873442,0.6649821622600965,-0.19217815655249845,0.36830152830901186,1.9725872363650363,,0.5664549382435503,-1.8048799800190958,-4.962323802743507,2.9337934807902544,-4.283457690746706,,18.022948923484034,17.120934377968833,5.713361563579791,0.9639111662185924,-4.981002475095044,,,,-4.966797799742128,-6.200088087365089,-56.84784449173243,,2.6665509676578996,,,6.232914175006985,,-2.2033828331225056,0.44321823530491167,0.05733815575751643
2024-02-08,-0.29420443727912204,32.140111323176754,-4.7538094554682235,0.6166607440103306,0.059095226052950964,-0.5698078434125426,-11.181836998337491,,-4.246147700306223,-0.059671395847430975,-31.470485953163482,0.09836874332726786,2.4529464965468635,,0.6690344715898169,-3.0927193851607306,-18.567343692683355,13.99196218284723,28.504677941998793,,,,-11.861791309372636,40.22040887135843,14.683019747927606,,-9.424437669592624,,,7.767105883550691,,-0.9878497086840029,6.551295248244351,0.2416949842440244
2024-02-23,4.236226672684271,35.07542181710801,-0.0034255292949536553,-3.9043897991887224,11.071007597835486,-0.2913231564606717,8.334951064428719,,-0.23918610860137685,0.03389940984223963,-11.078166473432663,0.39561665305519594,3.3480608572735093,,6.95077386092399,36.6126085842625,19.002959084330882,0.8212324851671953,2.234768252789667,,,,19.095385585456835,-6.077529444707475,13.378962557105618,,0.3859364844832101,,,0.22868901445345546,,7.5499811540167014,0.20273256547755636,-3.52468721656279
2024-03-01,-1.30397299420451,-76.95431205992253,-1.8643987765890166,-7.056000288932438,-0.005805210089785087,-4.206310158260069,2.0598946652710097,,-0.04704872777845761,-6.430127781839173,-17.82200740621014,-44.310445059282635,18.73006341122847,,-34.17320527794953,7.352917132480112,5.970774532684338,0.20799701136431037,6.678718794450235,,,,8.800279015519642,-30.738935929878068,0.10826326518895424,,31.278257856779184,,,0.3274992509969885,,23.38856961417417,28.607489164822304,9.445150404335763
2024-03-08,7.114650179853561,17.599341932274818,-0.3561018829919881,-1.3551812349907184,3.476622118068537,1.6811169267313355,-0.9883919439585318,,-12.339327901093423,-0.029113137539828957,0.21718728412545937,-0.3607997514149004,-0.9103029152121874,,0.4692065468285306,-17.207680838568123,7.766940722142694,-0.2860925486574614,0.0875490638487437,,,,-13.748661485539593,25.477709882877686,0.8022857352923877,,33.177279727819496,,,-43.05039158631383,,22.385384101918675,-7.836142240858955,0.5868089106482064
2024-03-15,4.303201285229501,12.922095864861372,-0.28552728931683835,0.21749531733130656,-0.039565220888595376,0.5848944642243111,0.05860680801496805,,2.994041159920039,-0.19952793034342223,-15.051385144552745,-0.8897377156189843,4.398738272624366,,30.44092116772137,-16.01987455170456,5.635666503145862,-0.24677562826077715,-19.437322193855515,,,,0.3370376373129247,-7.351191789488869,0.2707881393839583,,-3.134924860246782,,,0.07959916697717445,,16.92403705335335,17.572408637095137,-0.005013453012906052
2024-03-22,-14.80392405383424,-0.21046724330796662,0.15253928617352824,-0.2068776923577852,-0.4729697536998947,-2.249149252521513,9.53593877306667,,-0.6594348028167579,0.12545001205573722,19.976507952211357,1.0382564110796442,1.078058675235142,,6.02156713385051,-23.141281772737596,0.49741491287574724,-14.013541304783434,-0.3044404074486381,,,,1.2847363411094648,-4.041976589724305,-15.299867590858579,,0.0988342798282913,,,-12.897913801554882,,7.370145787664725,-0.5003772889461094,0.005652067896979859
2024-03-31,-1.2328626512077796,,-0.35174051629087655,-17.921564409211882,0.07789174437606994,-0.09876955172399188,16.705151168028074,,0.6899384163484985,-0.42119801825111225,-2.661587802341992,0.19429468888384316,-4.048367257767061,,1.1796849607099764,4.5160536947633725,-1.7650180239309368,,-9.058398759079868,,,,-1.3004674294782648,-23.05347665870807,-8.790969914614505,,0.13986821043057418,,,-0.8148552913049681,,0.0571311449307037,-0.2691162943620623,
2024-04-03,-4.4100061545199765,,0.5078731927974789,1.0246150084377565,0.7338917231524542,7.5207729537297645,3.5126414351025566,,1.2499971129713199,-2.2526162890308448,-19.8923738155686,-1.3308605177328778,-5.658061155130201,,-0.19197850684866935,-1.9278527059226092,-7.005508720817061,,21.656537322461947,,,,16.76376025931673,-1.0800583360731282,-0.09301586469507106,,-26.006214471481293,,,1.5125393357999606,,-23.04128645607992,14.165678876169098,
2024-04-12,-0.13080998247578335,,-0.621906766280053,2.1174876048917373,-0.05502722247017842,-0.2885302939054928,-7.977848174021835,,-0.09736345483075008,-0.49875263669226233,-7.3404074481818915,-21.612977028157978,-0.2581784016709523,,1.329484536032183,-51.422811556898004,-16.93578273203636,,-20.53255644093543,,,,-15.881760885231962,-4.2177515012483795,11.802177833764983,,1.4817654644837832,,,5.973306065428543,,5.626376252498996,-13.57121395195476,
2024-04-19,2.5374330787789763,,-0.13349691091819366,-0.27764978775893767,-2.1795090454751085,-1.1244535589245146,26.299931276299866,,-0.5410189389624666,0.3757042872174384,3.7003736203048776,-0.12663704294313047,-1.2340200137398338,,-0.2766766430988881,16.999662287868425,2.7051534389343606,,-18.881053920516003,,,,16.76568025807009,18.71005085129612,-2.7243606067133506,,29.17993267314049,,,2.3782988752614065,,3.4959887732802555,0.26742475343555644,
2024-04-26,-0.10293639426244325,,-0.43925085485497384,0.2825030838030442,0.03557289622282913,0.06244405593225727,-0.8880694582884925,,0.16380272054172457,-9.619152387896472,16.318451614554238,0.4582413436309314,0.10265429919601712,,-12.744326032903665,-17.191694997212565,-4.5402956857820085,,-7.0546546883810235,,,,-21.327459528430985,22.245447451311055,-9.706907596225134,,-0.3828698403948362,,,25.60487154914486,,-6.192283468291057,0.1426934226736697,
2024-04-30,0.6881503649353105,,-0.08557504787670167,1.2027705940231375,0.16258007562249752,0.30728499897652534,-23.89984278747172,,-0.3519709642090805,0.323896849284341,2.551346692615425,0.03637888634799233,1.6255349648233381,,-6.069413470843026,14.00368376783855,2.851538662489241,,16.92298988834922,,,,-4.306752254858768,-25.469872627928122,-0.6888355676317732,,-14.968458013737902,,,-0.16553116843116222,,-6.752051535671085,6.45630453141947,
2024-05-10,-2.8308837055874227,,7.836513478279493,-0.08743242857845065,0.09980078458236263,0.6624493327957091,-3.4742438680351317,,2.0641407294865712,-0.6725676165426325,-12.049757826532822,0.11866424407199702,0.38691871493945706,,0.9770597620685217,-1.346994338134683,-0.6576063329244866,,-6.103709940947309,,,,15.204231620691335,-1.7289964662594133,-79.35640195253048,,28.499505380455858,,,-0.1185417212845239,,-56.2678631052369,-0.7230662134508923,
2024-05-17,-2.7873038326892763,,24.415896085475406,-0.08291825346669122,-1.669538046531457,1.600379670782259,7.893911352380714,,0.04577307942365148,0.08708887285498373,8.118552241083659,2.855679211866826,-1.9399440450684218,,-36.50142766271613,-45.662576306691406,-1.4830397374935096,,-1.9347746567481265,,,,3.305161549300429,35.76890837152537,1.3663667821812284,,-27.300632471933376,,,0.12172157554649626,,-6.164633526987755,3.629492915127491,
2024-05-24,-6.183301620559188,,14.426515347081684,16.58448002682261,-1.709779726735744,0.458388434414187,-2.015863088266527,,-1.4142649492985817,0.4551064351916581,23.641014988737766,0.1606306952590366,-3.601890209781571,,0.4110550755581229,-19.338092820728047,0.347751634029368,,-1.6758929751617035,,,,-15.253393153994082,22.62929863574266,2.196453612815004,,-23.461433244478528,,,-0.35353331042543285,,10.46878808261059,4.185366532273926,
2024-05-31,-12.528553913665764,,37.86079540315437,3.816610675939182,-0.23837786078363948,0.09132098331714317,0.5978915863767024,-0.11791006257357389,3.9209978397946,0.3824731801904097,-1.0554266221167818,0.0767396926393682,-11.382566823938308,1.984084809837599,5.389065145161528,4.564241953610863,-21.527239694795664,,22.950039491858305,31.79559326018285,,-0.11217745179241428,1.3658202909468082,3.2624894809598715,-5.023873590998671,,9.947023936162738,-10.596556811683042,-8.951522419349537,5.819751566870634,,-6.7573494725116765,5.4855788124376375,
2024-06-07,-12.10797884644613,,-77.7144423663947,-0.8981721355071954,-7.62493637072241,3.3260604412065686,2.3809925876809026,0.5308337091558972,-0.020623148490789334,-0.09223406605757613,1.6186893960471718,-0.08025358818801843,5.658608261419731,-43.96889124115893,1.2074875946528336,-14.455412228754277,5.849752500144021,,-31.03929620325321,13.354761914678368,,-1.8329468344505349,12.601248598877199,-30.012254169812085,18.143547855625396,,68.61852666105757,0.17394228128610179,-1.5594582711374958,-0.12869955812196845,,5.281296935028127,-26.037722067861196,
2024-06-14,-4.068393452416531,,15.379637332231722,0.2249982239631824,-0.28051722552931796,-0.4671050865209611,-0.17327408009836723,-0.5419835401153528,0.15248078711240998,35.4173794784914,4.223135700520759,-1.7382756605854444,0.2893106215761395,-0.3836391727727058,0.04517283168342673,29.77532963623201,-0.37794838212724735,,-30.751299319559973,9.926178819808264,,-12.809392237654162,-13.277456198951391,-9.802322307303397,-11.497532131910706,,-3.873387789995142,-9.215085675405174,0.40433280038311104,0.8841900962557068,,19.617149843005226,-0.727556235952374,
2024-06-21,4.262183459745829,,34.23164847812625,4.470668141977082,-0.7411667004991036,6.430748447519495,-0.48315031900421096,0.669501844579018,1.621369435342387,4.000375883555426,4.540633353986971,2.312151505497822,-3.6945559135794777,-3.8177048024480396,-5.836580168916095,3.610028646063288,10.138594093903674,,-1.9010713518561362,-77.77078039336823,,-0.18809808804453454,-0.2937338897176609,-13.004015762338376,-95.5238251572351,,11.039188386427144,-3.419096544803666,5.4225358602181375,-1.6201332878411279,,11.82018880968251,9.586651011272114,
2024-06-30,9.686259009430099,,10.08031997753052,-0.021792702091436494,0.062317486290772744,1.6108368803497424,-0.15860437596759053,-1.3454667318208875,0.16770356236340533,-4.6839121621880615,5.837605261307431,0.06566801103727662,-2.1561486714313727,-0.07095738849998579,-12.943479114296053,14.148906070729332,1.9921691771129426,,-0.45963643055913295,41.83512508818366,,0.040546356654044935,14.56696650021911,30.37310021622784,-8.64049979714792,,7.986754610092456,2.8361747903437715,4.406869550132883,1.1551672255589516,,15.456665886584794,0.2007518380157804,
2024-07-05,21.078200750719876,,-0.4335618023333666,7.62357179334393,4.136340756769275,0.5810137981540169,-4.26811962145677,-0.8942529180716954,-0.2890403470085569,-22.427708369673148,-11.513809938385954,0.19050002664395912,3.2322856081608555,0.27368077229226273,31.457628666978955,-26.583898259847274,17.267932806898507,,7.422462786218778,12.998892592661123,,-4.289066763200086,0.3630080413720349,-32.87642855987686,-2.7715338146685813,,-28.36915593506293,5.759975876455847,5.716945920349003,3.187031379528699,,-9.939633281444015,-0.7287629905127604,
2024-07-12,8.988224810246182,,-32.77293583452872,3.7727080260556103,5.23699874192552,15.298376892751858,-1.893743090857957,-17.912792453308008,-0.8025032233067196,-2.798215533500223,-0.2683585074998986,-0.142490860406379,-4.493010438603118,-0.22033367064763762,-0.23423863974322218,1.9916661618222768,18.271699864376217,,21.209629568530836,14.077301133835011,,0.02573122113429825,-10.522922011712417,-3.993146821508429,18.620550827336768,,43.660855702228076,1.331111443790041,0.17937409924391112,0.017832897008486275,,-14.387805734462447,-1.3577314467201536,
2024-07-19,-2.840506450056213,,16.764867247443988,0.3283572447569451,-1.1018882124777267,-29.949215292133687,16.462044358698826,6.93150675403648,0.13299974165761283,0.6778320784403847,8.298926130475907,1.1203575440343478,3.9859795264653406,-11.447107313882498,-0.2248745684899825,11.151754488494838,-11.478935600266054,,-66.14930598067235,10.662288845494553,,0.29262357772859204,-5.196381506771068,-70.7152031248527,3.239448090394076,,-1.0581541496406546,-30.57099268694524,-0.01137234677404101,-0.14895424669037613,,14.724914807206547,7.768345619520982,
2024-07-26,1.9390796423235717,,-1.0787185713299923,9.261708533998352,1.5174028075399781,4.584853981778936,-5.086351761375229,-0.08993271435942678,-0.9889132268748221,-6.78632300535902,-20.110482529194137,-0.11953249182457207,-0.9437453702397562,-4.493713316725116,7.390072592208849,-57.99610498571516,5.9158218850840285,,-5.9118175955976415,6.738755186363721,,4.614621202468585,4.02123961713129,-32.52163569703904,-21.128944077129496,,-21.082690827239563,11.474208714553093,0.02603224209708413,7.607841007116116,,-5.22412993014575,4.335099350191671,
2024-08-02,2.228426895226562,,-61.20526455318465,0.12021712225866513,-0.7845921453139847,7.9235410014582115,-6.888626371781587,-5.421221601110148,6.236144458122156,0.22867954556157127,10.047615685081352,-3.3764294658875738,0.6867827050020119,1.820351637537248,2.3610869072634477,23.949521752326376,-2.467927662839016,,-1.0310417291550533,41.88371736073419,,0.12951743177312064,-4.338743390218632,27.876278974959106,41.42097348067004,,41.337517155119635,18.44096090004031,-6.249914784724355,-25.52672778516657,,-1.924308409653777,-39.647068057013406,
2024-08-09,-7.911534214337573,,15.11796015033617,15.171291281868845,0.03796991047826226,1.8447939354010428,-0.13721745962693577,10.714741988593506,0.2330607693820143,0.17303337445304523,-18.64427568115439,23.074989673699413,-38.32998108475964,4.956317789128068,19.273473214441594,3.588491939442638,19.80236318038153,,9.43657086638709,-5.141186774503554,,-4.050250177983434,-1.9009077389600364,-15.834351977363108,-0.5034836634241373,,-0.8768386381909465,3.7680554535388886,0.17006813140548094,0.2776664182385346,,-56.91772499359398,1.894362574600891,
2024-08-16,36.13555138910936,,30.223174894301714,-0.34461118549123987,-0.23076806626477733,-1.2627330470431262,-2.5532795683667633,2.1631931754234786,-0.10036882874672244,-5.171813682446673,8.24449646892658,0.036134465232900974,6.505593808330817,-12.504511493015485,-5.760154043430487,-2.1207903757613664,25.870685606303827,,-16.310250732154547,12.519032982809815,,-8.825322201745958,3.1681948314566366,-11.086935983586388,-29.58523414855875,,-0.35740265567801405,9.88067562636216,0.13040151741962747,2.306585619510656,,0.2912860035282614,23.5960808832442,
2024-08-23,-4.582472094234816,,26.97572542300891,0.21066690210573036,0.1337215361984845,-6.2498671406764625,14.729322588636197,0.14410623021891195,0.07152047267830387,-6.91544081319054,8.74030533479384,-0.05389015542706718,20.355355960332545,3.4916336490148416,-2.1141168905204006,-27.197897427999788,-12.006264855123893,,36.178747179552715,-96.73381480611798,,0.14734124011333075,-22.87979948619952,25.10330387768819,-15.244740369444697,,28.480995982670382,-6.991168133373004,1.5022058928818982,0.0854982042148629,,-2.141444324375705,0.00029846989879366015,
2024-08-30,0.06982639999718826,,12.362896500488135,-8.166499326386653,,-6.186098930536306,1.3792223159563004,,-17.224128240396333,-3.782780508217476,2.7476045544390035,0.0,-4.3144594165661285,-14.096813339011863,-9.292192772837291,-2.68043964743089,12.595996952748402,,-20.625258250591763,7.9133525641008475,,,9.055540769155705,-0.04359005725069898,-0.7428628847797494,,-7.327103561924513,-0.8091426956117737,28.149983217131677,-0.6755314147858978,,0.11464831328309696,-0.15040357144271013,
2024-09-06,-0.6289949335813645,,-113.73577387581571,-0.15561994887476752,,-60.58843941198135,0.2112474360403602,,-0.13741232628470046,-1.2287287423765818,-43.639128476959854,0.0,-0.6200834900719173,-0.7729205129453298,30.197028011171696,7.2675708849755285,-15.456626137418729,,6.610109754055001,-85.22368679219464,,,10.086750894293008,2.8697807459336455,0.49069797966248796,,-25.56862921399393,-21.50063954994869,8.35377850693135,-12.774002431715768,,-0.2962802123433258,-0.18097665430632373,
2024-09-13,5.167572344434441,,16.432256137281108,-0.17540699141412994,,0.7350623000531014,0.24025038331170523,,-15.435484954035758,0.1727776068510858,-23.734879043333557,0.0,-0.15892892561187844,17.0656987185057,-0.09429967154333035,0.5230566686340667,-32.87059860476637,,-13.834882261653537,10.10495784462484,,,-3.0431751938603653,-28.30319269443932,13.427203233416444,,35.6689003442942,-0.8621687149510349,0.05724248206035283,0.13836110094398876,,-0.7234512375049929,-0.29670129845824644,
2024-09-20,2.795996500136498,,-1.7855397286703927,3.275581466578143,,-0.42240658232090644,-0.3439349787675978,,2.7703252947849637,0.28222637148955687,-5.091543562035938,0.0,5.347808057292654,2.431516713959259,0.35810221834473577,-42.06405829245726,-9.202407420147397,,-10.316304713065051,18.95131841689557,,,-15.712983128058916,-7.692377028944938,0.2257190534143025,,-0.6547519465072311,2.644121071651554,-0.5545893456642137,2.1794074051487553,,-24.411936446934178,-5.337311901966988,
2024-09-27,-0.005054904949239047,,31.52847146997226,0.21955101175074643,,-3.59910447222119,-1.1939459003304567,,4.787534838261445,1.4106719417543039,7.993907160509403,-6.938893903907228e-18,-12.936826258039673,-17.42061972029598,17.94937058429565,30.211979688314052,-24.29361551112552,,1.7796341583233364,-0.33536214152889254,,,-10.593197821202693,-2.069500883705942,-0.15955100690019436,,19.896782524498647,-20.302642240576706,0.14713767144740098,0.02530114065138403,,-4.021267968403771,-0.134990344042411,
2024-09-30,-2.0866145748748752,,20.332450624705398,3.3295497186006946,,-2.3832946643117023,-0.025815877316847237,,0.06288322331283222,0.4950751168108818,33.44705868243541,0.0,-15.05325963928251,-0.3917973685174754,7.369735885258151,-23.65543655864554,0.6366820898478562,,-30.946892568603037,3.721982675348256,,,-9.288739967439511,-0.32279564189101667,9.001717342839472,,-34.70420846165824,2.564581399640817,-0.316508452649367,0.7358236845558697,,10.207274839491674,0.3959526343558397,
2024-10-11,10.772557065453007,,12.885434786062337,-0.04375061897749597,,28.221990437433632,6.260618850743394,,5.077245521427067,0.16891887203908218,-14.22226284386956,0.0,2.128764373389922,4.378682697695447,1.5986893276373344,-6.825957910831886,13.174019766866797,,-15.326561800518055,-11.171007328603197,,,-15.959127138176164,25.0487058951548,0.2386199005117985,,-38.94024219917734,-0.8413250629315931,0.07160177953815218,2.8782184735442424,,0.41134397436869624,6.609469817269082,
2024-10-18,-0.20478336506778338,,-91.39780619121285,11.253453534262315,,0.5386846988310534,0.1526481493441147,,0.046290639327640076,-1.7671090364006603,4.977980570464755,-2.168404344971009e-19,0.8131839136242002,-12.150363594176849,-33.57743881207597,-6.702079940294036,-17.1351195165364,,32.46996481983531,8.31753318898286,,,9.563563774980341,-1.0211274753663315,11.596285039643833,,0.3888312333468358,-19.551392331916283,-1.0009872698417714,-0.6542859807437786,,-1.8118318594321363,3.7527291673389596,
2024-10-25,-22.904335435254563,,-2.814918161100551,-0.1316406691280642,,-0.3957408396121583,-0.2124804705557939,,0.5952734834995386,0.24824872140480858,2.4656586228257678,0.0,-0.215729964866138,21.097510434634806,1.2135202007043935,-63.328195401268914,2.685204656143265,,1.5387356392629654,17.21736515144013,,,-3.081150555053906,4.799949223333206,16.708302142084083,,34.448665703061636,2.548758309249356,4.038899557082061,-12.605192142685297,,0.8396220656018943,11.372902868598148,
2024-11-01,2.002919264598556,,37.37372270275595,0.003124111466470933,,0.3640166249009066,9.001019241188166,,0.002259294740849599,-0.33760792881388824,2.1346107534606347,4.440892098500626e-16,-0.6677957791940141,0.14977445509794896,0.3945247333760008,-33.21505219621626,-9.477325625652805,,14.579162813533033,-85.59732000291604,,,7.967182513287149,-9.545841680039752,-3.4079138391796917,,2.7691265060339383,-0.8416341760355066,0.0547445997623571,3.240488501912016,,0.04009026378839235,3.9239828047748606,
2024-11-08,0.25988798676964614,,15.863745308329303,-0.06912579487554366,,0.2565507389000458,-0.031406566845358586,,26.77950065422442,-76.99225380715313,15.087035953062667,0.0,12.39619528957403,-0.09457526410692348,1.1936331484804632,-0.08312823931776198,17.738240861382252,,-17.1370698826271,-5.5891050734194625,,,8.86586465062966,-26.551991898888993,3.11825889243081,,-2.288659802424539,-19.35614612078742,0.3015182685919904,13.099781801630048,,2.9157885729242037,3.7559938788773506,
2024-11-15,-7.469876617600537,,36.17606022965982,0.08804645003570775,,43.821798288990635,4.4171934080714,,1.4873917928418678,1.9786944100287656,-8.144536886064136,0.0,0.9676044025538233,-0.7089281172964648,-0.14915167367442395,-2.820386250004325,-3.3108223141439583,,-13.810876925886419,23.41789584371411,,,4.995993485187917,-9.225204577673397,0.09748823579304983,,-47.43984448579744,2.368639863208287,-1.5251271189630735,-31.248891832528116,,-0.1498533889862768,2.8286448615466693,
2024-11-22,12.707459670206497,,-94.29863663343806,-4.040179016111355,,33.167275337975916,0.1672707980610419,,0.16684296227476028,38.417734205750946,0.3453349405879642,0.0,29.18120541336906,-44.66568896409034,0.03027785101655589,-0.09804533106706287,28.05690002872973,,-15.130343778876924,3.0416958110722057,,,-9.776432052166136,-1.7241680263247217,-1.6970265800967885,,3.5507298823366114,-18.050567063678358,0.3035556178134091,0.2152721700419013,,-25.60916026922214,-0.7862341469196252,
2024-11-29,1.0763927326635956,,14.450743532861821,2.7361459227516973,,-1.4543787564012003,12.402333176342962,,-0.24722719781617702,0.9732050593680928,-22.098264775482228,0.0,0.7078802280055656,-4.842225331854608,19.49466479309187,11.586558310880687,-4.602617071805257,,-23.478073016925265,-4.142284261088901,,,5.198628693274458,-23.740950530338868,-1.7416625197611226,,32.9383282377174,-0.6955510958243962,0.12108436431889823,0.00016952169040293508,,2.6688896098511057,0.012823960224245645,
2024-12-06,-0.3144508317092317,,-3.0348035904173742,0.1446201280948909,,5.9852694788993155,-8.073363985148083,,-0.566367168850139,-1.1876043029013763,2.1994552923688913,0.0,0.8155985108587619,4.289634372949706,1.4369193321341633,24.93212959831167,-3.2270969407896026,,14.868834099285744,10.00640058240212,,,9.31295060118119,-8.850286089929215,8.91634351650519,,33.685266215920606,-15.270516279223276,-0.9651668515072116,0.023218504630255432,,-0.10572414417985801,-0.3253299741766893,
2024-12-13,-4.480645088097597,,6.52917709470271,-0.6435117912937278,,0.1919519782183261,0.04506206871170937,-0.4197272418907272,7.678555060441566,-12.91022485145876,-3.231202253765168,6.528518224975951,4.011040836952509,3.6633378668031558,1.1072055204040256,0.044387841060949285,-24.773065867257703,,-14.61937767665485,-78.58428249573019,-1.1692771204057806,,-10.093597551909923,-15.088200131340471,-57.53425296341724,0.19050032947834636,-50.19797496416133,4.890504281696612,-1.1979637202409719,2.0334222309756127,,-1.8151035662357338,3.2127850526974346,12.32776858326101
2024-12-20,10.445447518334465,,21.502781784862616,0.827293797057772,,-2.702585479097256,-4.193226411141228,0.04629278207214425,0.17154584827211256,-1.3639806929579952,-6.536420941109968,-40.78889452631596,0.1118862806740592,14.800876247375529,0.13320470551836966,9.142795139331845,-5.174734354504169,,22.35200788120297,-59.86383142091358,4.052289459100329,,9.317972527202688,23.438427385390753,3.110618195103154,0.0421286112937479,3.101705418502517,-6.350591065916461,-8.79416203262263,10.79917624156382,,-7.502012851014741,-14.97313835124256,0.2408342991563601
2024-12-27,0.3265993962859274,,-6.1164537903679435,-0.05566346821037041,,-0.4007147881584031,-0.08436924970707543,3.1498411567820117,-0.6729130334992917,6.924701965478521,9.181921514974253,0.21402914670877615,-17.210629178599028,-14.87710849622343,-10.08884588643197,-5.736715664149941,-3.2097091013113666,,-24.30596665995113,33.003744270868296,-1.0534151780371523,,-6.349663346183107,22.712249211206206,-0.7003265440589284,3.439216043052552,-1.9893997012927662,-6.997979059614945,24.2305510091273,-45.32647809042873,,0.5705117303984069,-1.1136705196012808,8.131293565095213
