TradingDay,TMT,一带一路,传媒,农业综合,医疗,医药,医药医疗,国企改革,国央企综合,国防军工,基建,基础化工,央企创新,家用电器,房地产,新能源汽车,有色,机械设备,汽车,电力,电子,绿色/ESG,计算机,通信,金融综合,钢铁煤炭,银行,非银,食品饮料
2015-07-03,0.8371976741931149,,,,,,,,,,,,,,,,,,,,,,,,,,,,
2015-07-10,11.436956491166878,,,,,-6.328693249216942,,,,,,,,,,,,,,,,,,,-0.04360509610545768,,,,
2015-07-17,0.024916153460828303,,,,,-0.7551794227550462,,,,,,,,,,,,,,,,,,,-0.010399847180349284,,,,
2015-07-24,-5.759701407858891,,,,,-0.18328501083890505,,,,,,,,,,,,,,,,,,,-1.7071009134016095,,,,
2015-07-31,0.6084152470292612,,,,,-9.441845235355842,,,,,,,,,,,,,,,,,,,-1.1676325249396298,,,,
2015-08-07,-5.5381427328318615,,,,,-5.824163090401763,,,,,,,,,,,,,,,,,,,-0.021742099248741535,,,,
2015-08-14,-0.16798701090022938,,,,,-16.90208952412867,,,,,,,,,,,,,,,,,,,0.1283970161356702,,,,
2015-08-21,0.1713671236009946,,,,,-4.578266241723149,,,,,,,,,,,,,,,,,,,-0.6402399014328102,,,,
2015-08-28,8.530527638585756,,,,,-2.1212458713170435,,,,,,,,,,,,,,,,,,,,,,,
2015-09-02,10.740991116985416,,,,,-2.5197766500534957,,,,,,,,,,,,,,,,,,,,,,,
2015-09-11,0.009294129410727367,,,,,-4.783300851375763,,,,,,,,,,,,,,,,,,,,,,,
2015-09-18,0.8223004335351982,,,,,-0.5120357562811919,,,,,,,,,,,,,,,,,,,,,,,
2015-09-25,-6.072232140022717,,,,,-2.430074764728064,,,,,,,,,,,,,,,,,,,,,,,
2015-09-30,0.794698217716729,,,,,31.154000619552207,0.5467234668792488,,,,,,,,,,,,,,,,,,,,,,
2015-10-09,10.974803762127303,,,,,-4.979751488937936,6.4866539719729355,,,,,,,,,,,,,,,,,,,,,,
2015-10-16,0.17327933013043634,,,,,0.40450700355342517,7.313191236307114,,,,,,,,,,,,,,,,,,,,,,
2015-10-23,0.4728729248446365,,,,,-0.2786383228326575,8.429002786795001,,,,,,,,,,,,,,,,,,,,,,
2015-10-30,0.017936099733083022,,,,,-12.112579276770381,-37.37050020193924,,,,,,,,,,,,,,,,,,,,,,
2015-11-06,9.530459812115872,,,,,-0.748625393529766,-0.038543225066156706,,,,,,,,,,,,,,,,,,,,,,
2015-11-13,-0.1574056312340591,,,,,-19.08910055032612,-0.5235737520772581,,,,,,,,,,,,,,,,,,,,,,
2015-11-20,-0.22199322371116412,,,,,-0.009649478200978265,2.75732254350247,,,,,,,,,,,,,,,,,,,,,,
2015-11-27,9.044885996934799,,,,,-0.31388311817554204,-0.7309444722987408,,,,,,,,,,,,,,,,,,,,,,
2015-12-04,10.238610148969002,,,,,-0.22163253497723293,-4.708343145154952,,,,,,,,,,,,,,,,,,,,,,
2015-12-11,0.12082586551038124,,,,,-0.048638918061165354,8.458245974590994,,,,,,,,,,,,,,,,,,,,,,
2015-12-18,0.7658967831452944,,,,,-5.38937749617486,-0.937874254270662,,,,,,,,,,,,,,,,,,,,,,
2015-12-25,-5.654077995211871,,,,,29.00867723456565,-0.6913436320998674,,,,,,,,,,,,,,,,,,,,,,
2015-12-31,0.21723832667262932,,,,,-0.6997002875685844,-6.006791926859194,,,,,,,,,,,,,,,,,,,,,,
2016-01-08,0.026218430074022192,,,,,-4.516628632258332,7.245031992699312,,,,,,,,,,,,,,,,,,,,,,
2016-01-15,-0.19446484467475258,,,,,-2.1682016251142207,1.4164486388126967,,,,,,,,,,,,,,,,,,,,,,
2016-01-22,8.505535838707672,,,,,-6.16773366004392,-5.435164313930365,,,,,,,,,,,,,,,,,,,,,,
2016-01-29,0.09733758782482026,,,,,-0.15404034844138137,-0.6236097884464109,,,,,,,,,,,,,,,,,,,,,,
2016-02-05,0.015146675297723622,,,,,-4.618005427051854,7.727217985891155,,,,,,,,,,,,,,,,,,,,,,
2016-02-19,0.6467016670216557,,,,,-11.70742351460419,-2.142872428188565,,,,,,,,,,,,,,,,,,,,,,
2016-02-26,-5.664723920936126,,,,,-1.6538210851166526,-37.43838832001396,,,,,,,,,,,,,,,,,,,,,,
2016-03-04,-3.8873132010576406,,,,,-15.797735609399892,-3.788134325531775,,,,,,,,,,,,,,,,,,-0.50849112136002,,,,-10.827993809861596
2016-03-11,11.17041945684215,,,,,-1.0929451337700715,-3.245961666444923,,,,,,,,,,,,,,,,,,-0.9388846795779271,,,,-0.2935371245793794
2016-03-18,0.5661563322209768,,,,,-8.419822093141175,-9.833124482400883,,,,,,,,,,,,,,,,,,43.539162044635624,,,,0.02074771566657757
2016-03-25,-5.798898548111176,,,,,-0.7024200752887243,23.70488279256229,,,,,,,,,,,,,,,,,,-0.11851789138667662,,,,16.216855662222844
2016-04-01,-17.514236433465015,,,,,,,,,,,,,,,,,,,,,,,,,,,,-0.0980272889197585
2016-04-08,-0.4396745987148222,,,,,,,,,,,,,,,,,,,,,,,,,,,,0.02994000732760782
2016-04-15,7.095798002895102,,,,,,,,,,,,,,,,,,,,,,,,,,,,-0.00623086398811433
2016-04-22,-0.7192957369684128,,,,,,,,,,,,,,,,,,,,,,,,,,,,-0.1515697919282019
2016-04-29,-14.812830041304228,,,,,,,,,,,,,,,,,,,,,,,,,,,,-0.38940473239069767
2016-05-06,3.8681731319837063,,,,,,,,,,,,,,,,,,,,,,,,,,,,-10.863712619138514
2016-05-13,4.1376904347594525,,,,,,,,,,,,,,,,,,,,,,,,,,,,-0.5717884095280694
2016-05-20,-5.425106833662883,,,,,,,,,,,,,,,,,,,,,,,,,,,,15.351030520088772
2016-05-27,-7.086760975369087,,,,,,,,,,,,,,,,,,,,,,,,,,,,-0.038256915517581425
2016-06-03,-0.963502796488152,,,,,,,,,,,,,,,,,,,,,,,,,,,,-0.39096041172109985
2016-06-08,-4.113093428292403,,,,,,,,,,,,,,,,,,,,,,,,,,,,0.00035615189918117296
2016-06-17,26.065254333705113,,,,,,,,,,,,,,,,,,,,,,,,,,,,-0.1870876521281306
2016-06-24,6.8209660228115405,,,,,,,,,,,,,,,,,,,,,,,,,,,,-0.09966779745082337
2016-07-01,7.902378984342551,,,,,,,,,,,,,,,,,,,,,,,,,,,,0.0872770455617583
2016-07-08,1.3356528523950644,,,,,,,,,,,,,,,,,,,,,,,,,,,,-10.10014809489519
2016-07-15,0.06749238092940568,,,,,,,,,,,,,,,,,,,,,,,,,,,,-9.638472043679176
2016-07-22,-3.467489974232526,,,,,,,,,,,,,,,,,,,,,,,,,,,,0.04556850242951915
2016-07-29,-17.093023873485386,,,,,,,,,,,,,,,,,,,,,,,,,,,,-0.045709506726215154
2016-08-05,-0.8353049250868071,,,,,,,,,,,,,,,,,,,,,,,,,,,,0.05718343960975314
2016-08-12,-0.13396872205681928,,,,,,,,,,,,,,,,,,,,,,,,,,,,0.09676764928381906
2016-08-19,-11.15226158714546,,,,,,,,,,,,,,,,,,,,,,,,,,,,-0.09622299603159556
2016-08-26,7.372878391746794,,,,,,,,,,,,,,,,,,,,,,,,,,,,-0.35088820372326385
2016-09-02,-6.945131149531059,,,,,,,,,,,,,,,,,,,,,,,,,,,,14.715624731228289
2016-09-09,24.560543867105057,,,,,,,,,,,,,,,,,,,,,,,,,,,,-0.545408223203319
2016-09-14,-0.31573432951099456,,,,,,,,,,,,,,,,,,,,,,,,,,,,0.1137024634163315
2016-09-23,11.194167712564434,,,,,,,,,,,,,,,,,,,,,,,,-0.23329587479933744,,,,1.2036257286988938
2016-09-30,-0.33759386135859737,,,,,,,,,,,,,,,,,,,,,,,,-44.479326996686304,,,,13.172099898499178
2016-10-14,-2.0437320604792832,,,,,,,,,,,,,,,,,,,,,,,,-6.574520365081043,,,,-0.5560458741891444
2016-10-21,-10.986456958200923,,,,,,,,,,,,,,,,,,,,,,,,-46.28823217011072,,,,-8.821932979540385
2016-10-28,-8.039837489701256,,,,,,,,,,,,,,,,,,,,,,,,32.48251784553255,,,,-0.06061936760700336
2016-11-04,-5.8499139986677395,,,,,,,,,,,,,,,,,,,,,,,,1.5051702042917865,,,,-0.29019223427353336
2016-11-11,-3.052323831321912,,,,,,,,,,,,,,,,,,,,,,,,-0.31944822930415795,,,,0.4905604653896698
2016-11-18,0.32352605787483674,,,,,,,,,,,,,,,,,,,,,,,,-10.064646077152663,,,,0.15525444623441184
2016-11-25,0.5545493850548804,,,,,,,,,,,,,,,,,,,,,,,,-2.3450916732686182,,,,-0.25580740124125234
2016-12-02,6.251436017467171,,,,,,,,,,,,,,,,,,,,,,,,0.8426664351022852,,,,0.2810188135966806
2016-12-09,-16.350536303142597,,,,,,,,,,,,,,,,,,,,,,,,21.22694122217729,,,,1.7682874375086666
2016-12-16,1.1720257851244604,,,,,,,,,,,,,,,,,,,,,,,,-6.840280202534245,,,,12.434383162694148
2016-12-23,7.215431382790526,,,,,,,,,,,,,,,,,,,,,,,,-1.2527919906323066,,,,-7.888728771526949
2016-12-31,-3.3716065678027043,,,,,,,,,,,,,,,,,,,,,,,,-0.48981196780612646,,,,-0.5846937615636739
2017-01-06,-10.260527948991522,,,,,,,,,,,,,,,,,,,,,,,,-3.1000799717356378,,,,0.780905734470202
2017-01-13,6.247696283659978,,,,,,,,,,,,,,,,,,,,,,,,-5.309231789823542,,,,-0.016677684614610333
2017-01-20,0.12921597184998054,,,,,,,,,,,,,,,,,,,,,,,,-25.817961840638457,,,,-0.0670916375196855
2017-01-26,-4.505824525148576,,,,,,,,,,,,,,,,,,,,,,,,-0.12313381762627601,,,,3.90444223978974
2017-02-03,-15.205403958904864,,,,,,,,,,,,,,,,,,,,,,,,13.43430572013454,,,,-0.31825616722947014
2017-02-10,13.05258901499077,,,,,,,,,,,,,,,,,,,,,,,,-1.2423429588673596,,,,13.382119459131069
2017-02-17,-0.13276924759824948,,,,,,,,,,,,,,,,,,,,,,,,2.4799476166701138,,,,-0.03365023790496799
2017-02-24,-2.80421944799309,,,,,,,,,,,,,,,,,,,,,,,,-19.56885210622086,,,,-1.525737209170585
2017-03-03,21.4248440976962,,,,,,,,-0.08387036311366068,,,,,,,,,,,,,,,,8.527054026990033,,,,1.2572262774265648
2017-03-10,-1.4420983422308709,,,,,,,,44.197722749823185,,,,,,,,,,,,,,,,-7.136320386693932,,,,-8.433869833279285
2017-03-17,7.541306115145625,,,,,,,,2.7737578425550544,,,,,,,,,,,,,,,,44.383358996773346,,,,-0.14361694416762977
2017-03-24,-11.127133159124154,,,,,,,,-0.07678516645462036,,,,,,,,,,,,,,,,-7.307481868984752,,,,1.696004088768551
2017-03-31,1.0488631221306235,,,,,,,,3.150925363197099,,,,,,,,,,,,,,,,32.58248601876669,,,,13.3535083609803
2017-04-07,-10.291998848462665,,,,,,,,10.477597257772588,,,,,,,,,,,,,,,,4.483316705479239,,,,1.6685675154862023
2017-04-14,6.8857969167231925,,,,,,,,-1.617029559778973,,,,,,,,,,,,,,,,-45.04221424905276,,,,-0.959693637161233
2017-04-21,-1.002134882325905,,,,,,,,-11.223191450431948,,,,,,,,,,,,,,,,27.009253257853754,,,,-8.469675434720989
2017-04-28,5.300035323233855,,,,,,,,-19.137601846761065,,,,,,,,,,,,,,,,-56.42976140010266,,,,1.6508427777602503
2017-05-05,-0.31708509290101317,,,,,,,,-2.259744915827425,,,,,,,,,,,,,,,,-0.9748503696571191,,,,-0.017766365462485972
2017-05-12,0.17259423541702745,,,,,,,,1.0879954238090932,,,,,,,,,,,,,,,,-24.30533529137877,,,,-1.5578371787843321
2017-05-19,-4.697740420778925,,,,,,,,35.6604528942354,,,,,,,,,,,,,,,,16.109416813258235,,,,5.235225927310271
2017-05-26,11.397217368514884,,,,,,,,60.14409063067868,,,,,,,,,,,,,,,,-1.8916764799894779,,,,-0.17016623476930703
2017-06-02,-12.484018728677267,,,,,,,,-0.6291282525283757,,,,,,,,,,,,,,,,47.584164619232354,,,,13.033939007121546
2017-06-09,1.0862997229091254,,,,,,,,-36.889532090926814,,,,,,,,,,,,,,,,-6.207222484788864,,,,1.5119878209443325
2017-06-16,1.5837313103342092,,,,,,,,-0.7521565136424977,,,,,,,,,,,,,,,,-8.783046575971817,,,,-0.12668380459588408
2017-06-23,0.4071002904534982,,,,,,,,-3.938147193808561,,,,,,,,,,,,,,,,20.80908873876985,,,,1.667044744266079
2017-06-30,-18.508412052563465,,,,,,,,-1.2756060798875444,,,,,,,,,,,,,,,,2.5186280735059627,,,,-0.6350483341885191
2017-07-07,0.35683796538251455,,,,,,,,1.7843053093006076,,,,,,,,,,,,,,,,-7.397300322798249,,,,-0.006677116888910289
2017-07-14,-9.955445055097675,,,,,,,,-24.926802769491033,,,,,,,,,,,,,,,,-0.9914554573868873,,,,-7.806060658928723
2017-07-21,-8.452653793396852,,,,,,,,-8.495576618780861,,,,,,,,,,,,,,,,-1.3137490919020915,,,,0.007773256895046071
2017-07-28,1.0564794969279978,,,,,,,,-0.15554632850410322,,,,,,,,,,,,,,,,-7.788411633846592,,,,1.6660832643939663
2017-08-04,1.682054101292286,,,,,,,,-1.1523361337717382,,,,,,,,,,,,,,,,-33.04641776668024,,,,1.7663491799423314
2017-08-11,-11.239243566740718,,,,,,,,-5.7480352973440505,,,,,,,,,,,,,,,,28.28966025568123,,,,-0.5551697456045968
2017-08-18,-0.3300413747250296,,,,,,,,-8.874798000329035,,,,,,,,,,,,,,,,-48.84425972552774,,,,13.810025859975104
2017-08-25,17.495669983689858,,,,,,,,-1.3523505723402929,,,,,,,,,,,,,,,,3.992223396199985,,,,-8.118342856905624
2017-09-01,5.7914251530515175,,,,,,,,60.686137137311775,,,,,,,,,,,,,,,,13.500836848473718,,,,-0.10303171546324591
2017-09-08,0.3715217588300223,,,,,,,,-25.099738834010296,,,,,,,,,,,,,,,,-0.2771001640622014,,,,0.6504940736880491
2017-09-15,7.387411486088332,,,,,,,,-19.038606731372433,,,,,,,,,,,,,,,,-1.2389595034893428,,,,1.9371083869027417
2017-09-22,-4.678132354304364,,,,,,,,-2.1417898193642873,,,,,,,,,,,,,,,,-4.060146254581069,,,,-0.12175022682968051
2017-09-30,0.29133379841690576,,,,,,,,0.7527250088516084,,,,,,,,,,,,4.008184945884399,,,,-49.00723487913367,,,,0.008253337233531138
2017-10-13,0.08565509312350558,,,,,,,,1.126587934401865,,,,,,,,,,,,13.44873007010587,,,,-26.098418053042355,,,,-8.545509098421679
2017-10-20,3.0949709663827414,,,,,,,,-3.869394212189945,,,,,,,,,,,,3.5913013612054785,,,,-9.741203308482609,,,,1.5834584361470365
2017-10-27,-5.966496306197853,,,,,,,,-3.599042834692872,,,,,,,,,,,,18.038688429398086,,,,-7.317179844389612,,,,13.953046813349555
2017-11-03,0.7641502915386701,,,,,,,,-7.982240498931098,,,,,,,,,,,,7.828712846931222,,,,-0.1905679889939939,,,,0.03896970508023992
2017-11-10,-4.357130136899806,,,,,,,,-1.2989959249426068,,,,,,,,,,,,6.682812770394198,,,,2.2058135652702027,,,,-0.011350211792737624
2017-11-17,10.081709975261699,,,,,,,,-8.830944052337399,,,,,,,,,,,,-6.664909833378325,,,,-2.139712830178975,,,,-11.380311967333512
2017-11-24,19.843397556752226,,,,,,,,-1.3193329029799457,,,,,,,,,,,,24.28924920055522,,,,-36.27183532704756,,,,16.57855991925023
2017-12-01,4.78919209583854,,,,,,,,-36.95076739826057,,,,,,,,,,,,12.967013488987213,,,,2.9454410482202773,,,,1.6385922563594089
2017-12-08,-8.955357738184206,,,,,,,,-3.3301560610232706,,,,,,,,,,,,0.7127143016165658,,,,5.849387230400903,,,,1.9858908221794793
2017-12-15,0.15170583561956602,,,,,,,,-11.092805231756499,,,,,,,,,,,,12.66752135740924,,,,-2.8630816395941636,,,,2.119990885365347
2017-12-22,-5.214833180909327,,,,,,,,-0.12258437170622574,,,,,,,,,,,,-11.851906611057858,,,,7.169551459528154,,,,2.975525747847681
2017-12-31,1.1749865271065123,,,,,,,,-0.7123674970833097,,,,,,,,,,,,-12.506969690411669,,,,-15.54924391252446,,,,13.090229093643277
2018-01-05,-3.9478673257667274,,,,,,,,-2.6148961781388795,,,,,,,,,,,,-35.64781188440611,,,,18.56379449798703,,,,1.2760079413361116
2018-01-12,6.407133769370511,,,,,,,,-0.7395759578514349,,,,,,,,,,,,-24.374597463643973,,,,0.020892123140251684,,,,0.09366860993411003
2018-01-19,0.345758906503195,,,,,,,,34.15445066971371,,,,,,,,,,,,-4.770010704332416,,,,27.61858842939095,,,,2.1274239615801207
2018-01-26,-0.43116182541924936,,,,,,,,-3.330427438048292,,,,,,,,,,,,19.173811520736557,,,,-3.4042712186994084,,,,-9.76534200739549
2018-02-02,-2.6895252255907023,,,,,,,,-0.7177390212482551,,,,,,,,,,,,1.9848652812096748,,,,-2.9095618211364824,,,,0.038946036515589824
2018-02-09,4.368262748458612,,,,,,,,-8.303074041088994,,,,,,,,,,,,-11.810637524300775,,,,3.2046613875342786,,,,2.2705009189907
2018-02-14,-3.141314862149296,,,,,,,,-10.19065756537721,,,,,,,,,,,,6.941355341941688,,,,54.95033354799996,,,,0.059605305845417
2018-02-23,1.2332410743618265,,,,,,,,-6.516574934333272,,,,,,,,,,,,8.07561160033061,,,,2.2645322336764364,,,,-7.543938998314279
2018-03-02,-11.546565101208163,,,,,,,,-4.280181611697214,,,,,,,,,,,,-1.6549394540837752,,,,-12.684764763221306,,,,3.657865564912001
2018-03-09,17.730971226015797,,,,,,-11.182561946386889,,-1.7509793529308215,,,,,,,,,,,,-2.924148616100199,,,,-0.49953391161445404,,,,0.200862071159037
2018-03-16,3.763881958595737,,,,,,0.21009133476636088,,-0.10542314681201592,,,,,,,,,,,,27.752315617984927,,,,-0.3694528566713038,,,,1.3712817700375992
2018-03-23,-0.11534094675803258,,,,,,0.4897201042944023,,1.2438032138859314,,,,,,,,,,,,2.8666303232839967,,,,14.092104390116697,,,,9.599277330044998
2018-03-31,-2.993493611624229,,,,,,-3.478706493058064,,-13.874885473833501,,,,,,,,,,,,12.055662376063635,,,,0.2576411107493004,,,,4.167038529893891
2018-04-04,-1.6410392766710094,,,,,,-1.0310742082719533,,-22.021633829985962,,,,,,,,,,,,1.211315034823195,,,,6.234013328893758,,,,0.05322120253746845
2018-04-13,-6.288814564503609,,,,,,-0.7902487151780786,,-21.76209574952489,,,,,,,,,,,,5.9917696321768865,,,,-53.432315781967255,,,,2.5746195290421006
2018-04-20,-4.4251949359671015,,,,,,-5.147067468993743,,-1.2858946363512476,,,,,,,,,,,,-4.6904877836580745,,,,13.28183226648115,,,,5.333566780653558
2018-04-27,6.180876850881487,,,,,,-16.94353607860293,,-4.522850857047995,,,,,,,,,,,,11.777180428673805,,,,-2.76392826238581,,,,0.2941486742859196
2018-05-04,0.5423859489069172,,,,,,-9.555107554279502,,20.31378733172159,,,,,,,,,,,,0.1823061544115192,,,,31.881862917476244,,,,1.4790993965683863
2018-05-11,0.5582880014586205,,,,,,-5.640431090212827,,-0.6284350969618009,,,,,,,,,,,,20.37451422113784,,,,-20.236977991935756,,,,-4.743007974211174
2018-05-18,-0.9127626695521982,,,,,,0.09169740573208375,,-0.8456655090820624,,,,,,,,,,,,-24.83094053714676,,,,0.8591831333211954,,,,1.5291369241941464
2018-05-25,0.43505253140831057,,,,,,-21.383655398135133,,-12.062525925968385,,,,,,,,,,,,0.5422175107625604,,,,11.148761154695773,,,,5.982902199245833
2018-06-01,-1.470054832416835,,,,,,-0.5453556855828814,,54.98509185198876,,,,,,,,,,,,8.069928924438099,,,,-4.138489596216201,,,,1.2723034925016634
2018-06-08,-2.0357205388594912,,,,,,-0.3386247846721746,,0.775684131234512,,,,,,,,,,,,9.087108026180365,,,,-5.136514042420297,,,,0.4328951881107628
2018-06-15,17.936904157438484,,,,,,-7.306527466345378,,-0.7263527801463714,,,,,,,,,,,,-3.2479605863535923,,,,9.050172563126718,,,,-0.0472443696933286
2018-06-22,-3.4131253184639228,,,,,,-0.2863165414245254,,-4.122330352784882,,,,,,,,,,,,3.6263400522205167,,,,30.77140528142089,,,,-2.850250057072784
2018-06-30,1.3559720682644167,,,,,,1.3517198999093396,,17.392715987540676,,,,,,,,,,,,0.37722570427481533,,,,-32.61148694138172,,,,2.736001152062487
2018-07-06,1.0762431123923915,,,,,,-5.551268113163853,,-20.75194656446076,,,,,,,,,,,,1.3968702783358542,,,,0.32498311736007146,,,,2.8452121474035215
2018-07-13,0.032212743240086994,,,,,,-0.18731402604918165,,-1.022014981295316,,,,,,,,,,,,-14.762875929036497,,,,-19.617318955418853,,,,8.197437635420659
2018-07-20,-0.8885591083920875,,,,,,-11.523923987391534,,-10.402759256861033,,,,,,,,,,,,-16.65195740258084,,,,-31.44996507444319,,,,-2.881674914321356
2018-07-27,-1.4404411540682371,,,,,,-4.580504329324963,,-23.1220562686055,,,,,,,,,,,,8.644888857762613,,,,5.94539894255131,,,,-0.9414859961701598
2018-08-03,-9.847652432172634,,,,,,0.39417235872242906,,-0.8845459411212595,,,,,,,,,,,,-34.27744900206459,,,,26.19187049202237,,,,0.4834596780610473
2018-08-10,3.888114417369496,,,,,,-3.0285324183130573,,-0.6504676880048829,,,,,,,,,,,,1.4958589578493757,,,,-0.78203519003783,,,,1.6020178618032452
2018-08-17,3.7890344006891796,,,,,,30.90446978999945,,-0.8704835390260883,,,,,,,,,,,,3.8625990873363376,,,,33.07309039725078,,,,-0.025494037388376842
2018-08-24,-3.9182930847648403,,,,,,-2.617134315728621,,-4.650607030043707,,,,,,,,,,,,1.116533937585522,,,,14.818423828958759,,,,-1.6733731342971492
2018-08-31,-9.702857766130231,,,,,,,,-8.12732375347373,,,,,,,,,,,,14.854053856784645,,,,-43.44214328942818,,,,0.44885845054983264
2018-09-07,-12.350854688225962,,,,,,,,-6.587030674143608,,,,,,,,,,,,18.733696781409996,,,,2.9717418878651847,,,,-4.7020446999406085
2018-09-14,-3.784627704512093,,,,,,,,-14.64315770475337,,,,,,,,,,,,16.694895903141912,,,,5.337882144936959,,,,2.8493507351167238
2018-09-21,-0.8993288595904781,,,,,,,,-4.84037044709778,,,,,,,,,,,,20.426131111965027,,,,-2.9519304060333393,,,,-1.6288497593123985
2018-09-30,0.684071392550047,,,,,,,,-2.0324911251487894,,,,,,,,,,,,-15.976951555662414,,,,3.207104969596272,,,,1.6240571202510996
2018-10-12,0.05480433475965056,,,,,,,,-0.10438660068936736,,,,,,,,,,,,-4.4497605695581965,,,,13.930425541838133,,,,-0.028592859049144208
2018-10-19,-0.2808150007843785,,,,,,,,54.32553459682723,,,,,,,,,,,,4.407552739841691,,,,9.732530478643486,,,,8.525783795248861
2018-10-26,0.7234985189682805,,,,,,,,1.2221005143148964,,,,,,,,,,,,6.562068605955617,,,,-4.77146096301887,,,,-4.363504228578014
2018-11-02,-10.816376147446384,,,,,,,,-9.726693020335087,,,,,,,,,,,,-2.0858913909642482,,,,-8.563824672576139,,,,1.6594479511184734
2018-11-09,3.0831342538576267,,,,,,,,53.30883270529096,,,,,,,,,,,,14.551230122989748,,,,2.2214786783022733,,,,8.687484150013582
2018-11-16,-0.5949244697389334,,,,,,,,-0.8664517589840202,,,,,,,,,,,,0.22975797265315104,,,,7.634529446601878,,,,-1.454995314357939
2018-11-23,-3.9655528725792992,,,,,,,,-4.819992081208099,,,,,,,,,,,,16.177906138647224,,,,-12.445797395218769,,,,-0.035235439619780255
2018-11-30,0.590041924521737,,,,,,,,-8.790982801471278,,,,,,,,,,,,7.700657060292444,,,,27.38406592503531,,,,2.9088242063391156
2018-12-07,4.978727345541041,,,,,,,,-10.833496800743731,,,,,,,,,,,,2.08790462749163,,,,-57.876291066197375,,,,0.4518221153089822
2018-12-14,-0.4558648547594953,,,,,,,,-0.05779588127086766,,,,,,,,,,,,-27.681761383874814,,,,2.872292960926875,,,,-1.8162598453922758
2018-12-21,1.8380265712347819,,,,,,,,-1.0281369030298106,,,,,,,,,,,,-1.4929288283221338,,,,1.457779507406071,,,,0.44415768553302254
2018-12-28,-4.095364295389002,,,,,,,,-23.597098607197427,,,,,,,,,,,,1.9565912132029921,,,,-17.40201242452439,,,,-0.057391808758186724
2019-01-04,-1.007966088198736,,,,,,,,-3.556853248808135,,,,,,,,,,,,1.0429813402084864,,,,-39.38470899162742,,,,9.55296426318065
2019-01-11,-4.192051226897234,,,,,,,,-0.6442023812163551,,,,,,,,,,,,0.8153273184183981,,,,7.8350161020294635,,,,-1.4929754357980602
2019-01-18,16.816181793511184,,,,,,,,-1.93959615994787,,,,,,,,,,,,-4.901604949000489,,,,-26.548139273155932,,,,1.6760902052684123
2019-01-25,10.064985007315757,,,,,,,,-4.750425340936726,,,,,,,,,,,,-14.24545768664886,,,,13.257625785382192,,,,-5.67649870719832
2019-02-01,-3.244907682470666,,,,,,,,-19.393451099997172,,,,,,,,,,,,15.257084357621334,,,,4.719669339924761,,,,2.9039468784822193
2019-02-15,-10.535469878946662,,,,,,,,1.248388406108953,,,,,,,,,,,,5.12426818860348,,,,-11.8252684068105,,,,-2.252032861348182
2019-02-22,-11.801591597269764,,,,,,,,16.26809649966985,,,,,,,,,,,,6.555535702636639,,,,-10.301358324575773,,,,1.6659329067894535
2019-03-01,4.0939014835763725,,,,,,,,-9.30399007738893,,,,,,,,,,,,-20.913154003036606,,,,-12.085664685039767,,,,-2.394318281499624
2019-03-08,-1.7781723757937304,,,,,,,,-4.521137030006093,,,,,,,,,,,,0.10471282526246546,,,,10.882833086317307,,,,-6.816205133413236
2019-03-15,-0.2903593457955164,,,,,,,,-1.9749842558938584,,,,,,,,,,,,18.53137533710866,,,,29.924838742492213,,,,10.04344379920819
2019-03-22,12.467386601266714,,,,,,,,-0.6257222346515073,,,,,,,,,,,,-26.895720633773756,,,,13.963567791475217,,,,-1.6144884571418308
2019-03-31,-7.833955512522472,,,,,,,,-14.536957867879682,,,,,,,,,,,,-1.665340558116963,,,,6.432444202079757,,,,0.4259284979352994
2019-04-04,-11.792150688322472,,,,,,,,-1.1025419711400075,,,,,,,,,,,,1.6032369109092874,,,,34.58934830604522,,,,-0.05789367165013524
2019-04-12,2.4625641062327537,,,,,,,,-23.935699439061175,,,,,,,,,,,,-0.10338502473799793,,,,3.681671073383085,,,,2.911183105322598
2019-04-19,2.2491376191595007,,,,,,,,-3.1425620342909326,,,,,,,,,,,,0.010678951335775372,,,,0.01510318219541179,,,,10.221358354629528
2019-04-26,5.193669608734257,,,,,,,,-2.07135009787046,,,,,,,,,,,,-0.3001091841910323,,,,6.4755494973191325,,,,0.4316845444726737
2019-04-30,2.0157363561057053,,,,,,,,-1.001310416150898,,,,,,,,,,,,-0.017014860655457903,,,,-16.12560635902038,,,,1.585397443502765
2019-05-10,0.5906233517038484,,,,,,,,-4.847749711198288,,,,,,,,,,,,-0.005678348331078087,,,,1.7315145016686617,,,,2.9158399022063515
2019-05-17,10.207508398282082,,,,,,,,-14.86635514542601,,,,,,,,,,,,-0.011590095417419849,,,,-3.8635772855023753,,,,-0.05695905587580079
2019-05-24,-2.136711915433372,,,,,,,,1.243009547472793,,,,,,,,,,,,5.272881509424423,,,,13.878513135141654,,,,-1.6325946954045705
2019-05-31,-1.484490616720934,,,,,,,,-0.05511978155478393,,,,,,,,,,,,1.7858916055643932,,,,10.883488287392927,,-0.9986492592641054,,-7.13555472370488
2019-06-06,-2.9809138711086893,,,,,,,,-0.6581083769062228,,,,,,,,,,,,-3.0144125059340747,,,,-25.981660142101333,,0.05036288124342547,,-2.5602107187318346
2019-06-14,-4.1626739268069555,,,,,,,,-8.910372530051788,,,,,,,,,,,,-0.6501136891761484,,,,-3.6544694832459568,,-1.2396176467072104,,-1.3187536287484622
2019-06-21,4.201012434541439,,,,,,,,-4.968684196540217,,,,,,,,,,,,-0.5476797034423874,,,,8.668355101085151,,-2.595899253052897,,-7.14462825665917
2019-06-30,1.2446141338065955,,,,,,,,57.10122359529716,,,,,,,,,,,,0.10661116151183456,,,,-6.8994426275644445,,-0.9878356903204364,,9.991912734116895
2019-07-05,-3.4683424817982718,,,,,,,,-2.5292376361100857,,,,,,,,,,,,-0.062039487562620725,,,,-0.47646112903084936,,-2.8286684339518757,,0.4201560243536767
2019-07-12,0.07846281180198646,,,,,,,,15.552997154734513,,,,,,,,,,,,-1.283116330912412,,,,3.7063532300035016,,-0.07841383301101751,,2.8805924983911533
2019-07-19,3.086079506886719,,,,,,,,-18.99546339252924,,,,,,,,,,,,-0.6577637296838913,,,,2.5745629893807784,,0.20996831130595406,,0.03985033206439443
2019-07-26,9.065116514771889,,,,,,,-0.2771274610303225,-9.26250296864724,,,,,,,,,,,,0.1493151325217984,,,,0.20267810117740903,,-3.680498630049851,,-2.7577533303898347
2019-08-02,-2.2746336985557836,,,,,,,-60.667295037917185,-0.6539426063232376,,,,,,,,,,,,1.868464630754083,,,,5.669469355569256,,0.9663071045386868,,1.562845787381923
2019-08-09,0.28624066733793085,,,,,,,-4.469464359095835,-4.9238059804784955,,,,,,,,,,,,0.3332239859066419,,,,2.8144624123944677,,0.11508575830048216,,2.9866956149961856
2019-08-16,0.42150064917439256,,,,,,,34.30554021738038,-11.26465583577754,,,,,,,,,,,,-0.04653989606782489,,,,36.7262579267011,,-0.08065284738521128,,0.40749761689966446
2019-08-23,-8.577777149451613,,,,,,,2.53406461452528,,,,,,,,,,,,,10.936996090113016,,,,4.972587088606913,,-1.0530038601672616,,0.04891051988132085
2019-08-30,1.2235742107682768,,,,,,,15.332851249762175,,,,,,,,,,,,,-2.827040848826823,,,,1.0848367766147589,,,,8.9105624545286
2019-09-06,0.2232783453773347,,,,,,,-18.994567919285288,,,,,,,,,,,,,0.01285047743168382,,,,-33.11369020099441,,,,-6.928360873149412
2019-09-12,7.587146180550636,,,,,,,-48.479167581369296,,,,,,,,,,,,,-0.1606364542312012,,,,1.3270200069838294,,,,-1.4247738367387708
2019-09-20,-10.036537250624978,,,,,,,29.721530281325258,,,,,,,,,,,,,-8.729472588697535,,,,-30.147566997014756,,,,-2.2553038943872936
2019-09-27,-0.23508534378134804,,,,,,,7.3444533601464475,,,,,,,,,,,,,4.680593648809625,,,,17.20734737417808,,,,1.6091133577482588
2019-09-30,4.274677604733385,,,,,,,20.56551006245801,,,,,,,,,,,,,-1.278319089273458,,,,-30.002896366835277,,,,1.6446804107211173
2019-10-11,0.17259426324583071,,,,,,,-61.75631918597282,,,,,,,,,,,,,-0.26835826815714037,,,,13.129844141380426,,,,-1.3580401967587843
2019-10-18,4.505404401828261,,,,,,,-43.12156299507093,,,,,,,,,,,,,-1.365329669899421,,,,12.138939199805861,,,,2.9541930639934066
2019-10-25,-3.1975467738888788,,,,,,,1.2388265772241192,,,,,,,,,,,,,-0.2473107421448144,,,,15.948295559075394,,,,0.4289356752718113
2019-11-01,1.713037159302015,,,,,,,-8.21492470374676,,,,,,,,,,,,,-0.12723591081635996,,,,0.6494016097959281,,,,0.049688628204712454
2019-11-08,10.171787774796583,,,,,,,46.31123023901502,,,,,,,,,,,,,10.946528157479795,,,,-6.76819681733773,,,,-2.1701554328021873
2019-11-15,0.023494363212204335,,,,,,,12.053130414842622,,,,,,,,,,,,,-0.2730367703354512,,,,4.547101361034035,,,,-6.936664954851784
2019-11-22,0.16718442940785017,,,,,,,1.7901891209825627,,,,,,,,,,,,,0.006653045446114815,,,,-18.704780969437923,,,,8.772888900763187
2019-11-29,2.385589065865961,,,,,,,3.5925927431160063,,,,,,,,,,,,,0.14039638001161425,,,,5.782838826516959,,,,1.8319256628099057
2019-12-06,-0.9661833121509578,,,,,,,-59.042259150893464,,,,,,,,,,,,,-0.23686539552600833,,,,-4.200999811419234,,,,20.03722658592722
2019-12-13,1.8163713362119853,,,,,,,-55.93907860338474,,,,,,,,,,,,,-0.19359614886674997,,,,4.604737802465359,,,,3.147958599733876
2019-12-20,-0.6015960590400722,,,,,,,-20.06541587889132,,,,,,,,,,,,,-0.2775161311053636,,,,28.738581476414968,,,,-8.543385077067228
2019-12-27,1.2134453514913044,,,,,,,-4.64177008295345,,,,,,,,,,,,,-0.010999591299673345,,,,0.20546098446151317,,,,-17.468802191637774
2020-01-03,-0.012235915710409218,,,,,,,-5.671765132029712,,,,,,,,,,,,,-0.13216238718825213,,,,6.141129503052493,,,,0.06519349889943749
2020-01-10,-0.842146118713542,,,,,,,0.5013496491287883,,,,,,,,,,,,,-0.2552045374481813,,,,-0.33107520814377184,,,,-6.812923483807176
2020-01-17,7.612857849089512,,,,,,,-52.70372712082425,,,,,,,,,,,,,5.316435967548157,,,,-1.384884215997229,,,,3.905773638426517
2020-01-23,-10.696022336737006,,,,,,,37.10417279663548,,,,,,,,,,,,,-4.72186172030603,,,,1.8986131816358278,,,,11.517811365450786
2020-02-07,-4.520040692776329,,,,,,,0.9999760240651236,,,,,,,,,,,,,0.001441505065256499,,,,0.8033095895158564,,,,3.9058583178047526
2020-02-14,2.785698145742725,,,,,,,23.626737560061095,,,,,,,,,,,,,0.30102958918748135,,,,-4.700571017275862,,,,0.6401774491531692
2020-02-21,0.5630332723317848,,,,,,,-0.00041752273114126215,,,,,,,,,,,,,-0.2706802520182308,,,,-28.812384953809087,,,,0.059816954866977516
2020-02-28,-3.999321635155508,,,,,,,-11.079601181869915,,0.0005198211594933284,,,,,,,,,,,3.882356346887927,,,,-6.829621224593286,,,,-7.211259106903336
2020-03-06,7.977689093200898,,,,,,,5.13026490606601,-3.867545383294189,-1.0866415978436503,,,,,,,,,,,-2.92906852162087,,,,-3.2165124190550194,,,,3.0827228457909435
2020-03-13,-9.823989622370357,,,,,,,4.094153907137202,-5.557070182623122,-0.07855795360609584,,,,,,,,,,,0.17296199974584028,,,,6.478319108260126,,,,3.114029168977746
2020-03-20,3.0444784623119605,,,,,,,1.5708915200153122,-3.8820731451205726,0.2799886936112956,,,,,,,,,,,-2.296578782311413,,,,1.60507060167533,,,,16.97964235649536
2020-03-27,0.016103609026440757,,,,,,,-56.63237631530997,-9.532192985049269,-1.2020951417810775,,,,,,,,,,,0.16966060008573522,,,,0.4344915176795504,,,,-15.067470847701774
2020-04-03,-3.4420724209804274,,,,,,,14.051038806415562,-16.377585180053213,0.19070941420087817,,,,,,,,,,,-0.18978025468930557,,,,4.739734915177369,,,,-7.6376667530629305
2020-04-10,0.8704666134695039,,,,,,,-47.71836819535614,-2.5927308783456615,4.210640264648802,,,,,,,,,,,0.11598204333143439,,,,-0.7278464936012548,,,,0.5989276651364158
2020-04-17,-9.045296486707455,,,,,,,-17.248124145230115,-0.71741818525595,-0.09405661828274708,,,,,,,,,,,-1.299173408214518,,,,-3.3507906041553377,,,,11.194724616457968
2020-04-24,6.296778465782994,,,,,,,-58.39486056950535,-5.02837408886214,-1.9205798458478407,,,,,,,,,,,0.3353949831818821,,,,0.3555147347514208,,,,1.9256274564182836
2020-04-30,3.697564898368263,,,,,,,4.768344090528632,9.036780057927203,0.28014458681646676,,,,,,,,,,,-0.1282052721079025,,,,11.06207316846455,,,,4.154756257793064
2020-05-08,4.5620281536715,,,,,,,2.460105945118233,60.518667588979675,1.3217301034577256,,,,,,,,,,,0.019410426179260896,,,,-24.60115505103666,,,,0.5706262179751957
2020-05-15,-4.609691545914814,,,,,,,-30.727792239391768,-19.776138707615512,0.36934202994846166,,,,,,,,,,,-1.24142782669157,,,,-1.6247705866016378,,,,-15.055125880107774
2020-05-22,0.8909008410267948,,,,,,,-32.80907366727413,-20.64292221331325,-4.169011959892495,,,,,,,,,,,1.890989898579955,,,,57.87025406493764,,,,0.049185799685481355
2020-05-29,0.8900710773636205,,,,,,,45.673510795080574,-9.882262152356862,0.19878094132813767,,,,,,,,,,,-0.6619925899522272,,,,3.1913088342858886,,,,-6.560601324693693
2020-06-05,2.8567563033817,,,,,,,1.65542522983442,1.2049066533117512,0.0007128698875607589,,,,,,,,,,,0.10392679236477054,,,,-27.362766642245017,,,,3.1010949307833613
2020-06-12,4.228888117724774,,,,,,,12.892802376366877,-5.45852642935923,0.03202013726916997,,,,,,,,,,,-0.2657453958688112,,,,6.844919830520677,,,,2.8058819293192485
2020-06-19,-0.39490912810707335,,,,,,,-3.714553622255316,-0.7509351938426855,0.10178353478873131,,,,,,,,,,,0.16945793025684,,,,1.6981201614595052,,,,1.8851284602285323
2020-06-24,8.772159081725722,,,,,,,52.00276259749952,-0.04667271573461358,0.19978986656819128,,,-31.841688066067334,,,,,,,,1.7106839228986028,,,,-18.89621228092073,,,,16.96360130142977
2020-07-03,-0.5722652353887624,,,,,,,-47.705116160408046,-1.0604796468898339,-0.09365457845798222,,,1.8102452513962826,,,,,,,,-0.12790173739189678,,,,5.501473985325323,,,,4.187222461178038
2020-07-10,-6.072224463456569,,,,,,,5.28978253440407,-2.735603178740205,-2.150292646633077,,,-20.569794083811257,,,,,,,,-0.21422616207001421,,,,-34.82269897471787,,,,-7.583300558530561
2020-07-17,2.7305365606581433,,,,,,,27.83781022795047,-1.0891789673719814,-0.8188720110246911,,,-15.514974427156806,,,,,,,,-0.1939778411062904,,,,12.997826111872417,,,,11.564767546181724
2020-07-24,-1.1756453578090487,1.5552352855711007,,,,,,1.8421161983907557,-5.364957136538891,-1.1993791414670498,,,-6.414251268959954,,,,,,,,-1.701870463230307,,,,-0.25153726405197485,,,,11.534741287179973
2020-07-31,1.9405974609379637,4.424349677975254,,,,,,36.103480080281955,-21.515006174988272,0.014028995446833278,,,-61.3615072134691,,,,,,,,-0.328485359393772,,,,-5.760855924330437,,,,4.257196653092
2020-08-07,-9.192235702234886,0.6389410878296244,,,,,,-0.7108883428773964,-8.763358285487612,0.1794846390111032,,,-21.800920876728227,,,,,,,,-1.0860406009563899,,,,-23.47611878936321,,,,-5.2519704736721575
2020-08-14,-3.240655593183412,9.27961395124531,,,,,,26.422196982459173,-6.045200460843141,-2.594903396879079,,,37.135768547981314,,,,,,,,2.6504012517219393,,,,-9.10198172240462,,,,-15.741715378918517
2020-08-21,-0.12359266063530264,0.728678878590178,,,,,,-57.85866739205415,-0.040821685446055155,-0.014923901670954413,,,10.060668278040465,,,,,,,,-0.7065223081302435,0.9214170989010522,,,0.5266023960177113,,,,3.1646430733715247
2020-08-28,0.2387172042082314,3.0426687510989945,,,,,,-23.833060566511126,1.1702281448422491,-0.6994576882093301,,,4.429960106567934,,,,,,,,0.09015601572338529,2.289632686990654,,,-2.824249485741851,,,,3.0652554746781977
2020-09-04,-0.8834807979392427,1.0800499789100124,,,,,,-1.2644599901704372,-10.216918155980382,-4.4052505513618305,,,-53.086400508359105,,,,,,,,2.671280604016456,-3.170036024382264,,,-20.59029314613191,,,,1.9441013928844828
2020-09-11,10.27110098652052,-7.798662249195704,,,,,,-49.710646697101566,8.95526221527819,0.050530653893846915,,,29.50824528823801,,,,,,,,-0.9963038074538703,1.4822633207857083,,,-31.774885752177575,,,,17.210236897506675
2020-09-18,-0.19063780161699417,3.8569350891493315,,,,,,-55.99170631206473,-18.38549751194426,0.22896913524846466,,,56.01529049076235,,,,,,,,-2.531863284741774,-12.241343764964284,,,-2.4232614619969715,,,,-6.332106818608821
2020-09-25,-3.4700987757626014,-0.28844368640620394,,,,,,-18.551489026869838,-1.1947826247989326,0.05830666954076147,,,-12.451552058092302,,,,,,,,0.19407532655138218,12.30706720649226,,,59.355545772110105,,,,0.578537332416943
2020-09-30,-0.28755694201946275,-4.2714268274178515,,,,,,2.358158951837321,-0.7845763183463661,-0.2232257546724037,,,-57.04252622413682,,,,,,,,-0.013402919165863121,-2.79379309981314,,,4.81591394216835,,,,0.07015435987344615
2020-10-09,4.185189399159876,5.317244076743709,,,,,,-60.39727422748576,-4.604286642613459,-0.0702964616220721,,,2.7215844710761994,,,,,,,,-0.13709134893719274,-0.07971821177214451,,,-0.3286518540895931,,,0.314791948034579,0.5155233397106117
2020-10-16,-8.831946605056759,8.257569418856784,,,,,,-1.0825849952805418,-1.2306635231140473,-0.8896538560673886,,,-11.805786044522215,,,,,,,,-1.1062888115831906,0.0953104467281929,,,10.408051349626696,,,-0.11072234137120426,-4.8964686728741205
2020-10-23,2.2715593214307566,1.137809571466345,,,,,,-12.723006999922442,63.555892920567736,-1.1076252303454692,,,-12.20697243323354,,,,,,,,-1.3467138448565354,7.711639114728353,,,4.111256269499723,,,1.9572414572666241,5.405419223490204
2020-10-30,-0.04165952172226728,14.030827182445059,,,,,,-61.81948333186613,-2.990541033453671,4.292776173208646,,,-16.100122485495273,,,,,,,,-0.3389635926135993,-0.9216070423770872,,,-0.49836937106300266,,,1.7133407572762742,3.108682223732848
2020-11-06,3.4032360096186665,0.8126240094100922,,,,,,33.1385761843612,-3.17496579670897,-3.974171950562181,,,1.8980206685956127,,,,,,,,-0.0025050489748539677,1.1360915148838948,,,0.7235028495464928,,,-0.06018348761683573,-3.6528623016402304
2020-11-13,-6.403059775909842,-7.652104532095212,,,,,,-11.97317296907085,-0.7928861198127268,-2.0261141426051505,,,-32.330105953201226,,,,,,,,10.541187151795592,-0.24281326075142,,,8.514912586174932,,,-1.3295808153344564,18.003951206719858
2020-11-20,0.08481756861442188,-0.007872424814403978,,,,,,-16.40857892299798,-10.937276027713356,0.3753285973427985,,,2.707551791748098,,,,,,,,0.31744952925008457,0.9403510922395169,,,-0.25266961538572497,,,1.0702987862826587,-15.673696642188201
2020-11-27,-0.4926727761199324,0.16964438621496536,,,,,,-6.893361016806592,-22.650413159874077,-0.2021502970653329,,,1.1402086905023054,,,,,,,,-3.290971908549661,7.624426399538457,,,4.2339943593425,,,12.945130686418493,11.263611304411953
2020-12-04,2.87648983194057,1.7238782963839618,,,,,,-12.498453422070849,-4.681384500675455,-0.7768494303330726,,,-1.1674314791376945,,,,,,,,-5.320621901044611,-0.10031397464855407,,,5.180780276557925,,,-5.817483518991957,0.06002051605680009
2020-12-11,-9.461840273600036,-2.7200926408346584,,,,,,54.205173250419854,-10.445288141208454,0.27629606141876417,,,-1.0730487410138356,,,,,,,,3.532809586553604,-0.09630091521413167,,,1.6471270769252597,,,8.331991756322388,1.8703367293914817
2020-12-18,-1.474126647770191,-1.278271226152962,,,,,,-55.58647755339865,-17.764941749758023,-6.637108031089734,,,-6.825236294646071,,,,,,,,0.0017665652158145115,-0.010503486232385839,,,14.671631529708408,,,-0.01664714618630722,2.9355281504801156
2020-12-25,1.1708758164528121,1.438593113774585,,,,,,-52.94236381743586,-20.81794507741253,0.03300897535628981,,,23.80448186611473,,,,,,,,0.14679655726720925,-3.3696311376440407,,,-32.63479589155123,,,-0.8836460168268163,0.46148234298958457
2020-12-31,-2.2050522220231534,0.8599074130466005,,,,,,3.2469456104319407,-10.809257673695043,0.05720039306040997,,,0.41030401258309035,,,,,,,,-0.49840928848189436,0.14196532070086026,,,12.046633023194387,,,4.261771505869604,-4.2475181566016
2021-01-08,2.8758678968837996,-5.170630603261808,,,,,,33.414197929782,-5.468832034536449,-0.5450234935050304,,,52.15584040418786,,,,,,,,-0.16382941613943264,-6.452771741119019,,,-0.6545648584608581,,,-1.1191905851108532,6.580041947380996
2021-01-15,2.5274188883799895,17.298156093555555,,,,,,-3.0345763466453826,-9.993205953289706,-0.10897609523121365,,,-52.351721268065575,,,,,,,,-0.014590820720768546,-2.0283150000523404,,,-1.6258224026479708,,,8.328314638189504,18.34975222452312
2021-01-22,2.3534052630917994,13.760535137428391,,,,,,13.838637268498351,-6.586909619394902,0.04134166971612313,,,-12.687515318799482,,,,,,,,-9.923548345370785,-1.1617579145792303,,,-1.5004166770000673,,,-0.1452999646914907,1.35332897004416
2021-01-29,-1.9938952897517181,2.410770684550685,,,,,,1.4165062957076895,7.368460682863785,0.19685905361747064,,,3.9857049842922576,,,,,,,,0.17349262298351004,1.2535286639476193,,,57.60021920889261,,,-1.8004474073859733,-16.396769027165202
2021-02-05,-0.16317223525314256,-4.976339956429347,,,,,,-0.5044070032732895,-1.1330392976126755,0.0737465604252192,,,-6.920197486418058,,,,,,,,0.16109898147064874,0.8907327480363789,,,4.364735456099838,,,11.838709975342722,10.57252125720765
2021-02-10,-8.441814985934995,-2.714261288415937,,,,,,-53.612344241013844,-0.8079234862299784,0.16939393394342894,,,-29.775379615669067,,,,,,,,1.7342015330552973,-0.6814622822684643,,,5.858164365728018,,,0.09026938196228719,0.007607632401039718
2021-02-19,4.431709280185504,0.800447693232369,,,,,,20.141292850992716,-4.498214964923758,-3.963549308610583,,,-49.04023043437481,,,,,,,,-0.32785522007090495,-8.550389207326896,,,8.57795836618533,,,1.1127974682978756,-0.07192725000213525
2021-02-26,6.95203130753672,-0.04256186167035819,,,,,,-54.13069601160143,-2.9637082060803266,0.005981976165281948,,,-69.600166103211,,,,,,,,5.672271269751603,-1.8043023754242529,,,-3.761825662538101,,,13.177068529562087,3.322521808638804
2021-03-05,-4.17011126043109,0.8536991705507097,,,,,,1.562560985980111,-0.634741715029143,-1.2031882169269004,,,-8.451312829825795,,,,,,,,18.212288269843494,0.6428475153595943,,,-19.91946842224529,,,-1.693089340166068,9.472479669840663
2021-03-12,-9.257148017326031,12.814620973864391,,,,,,1.6977070855637062,-22.03753122985538,0.0007436676602958631,,,24.5978448373062,,,,,,,,9.841289037776088,12.093240635786174,,,14.660956543800882,,,-1.64755299571301,0.29006077010059433
2021-03-19,-6.561369279483797,6.924144428142662,,,,,,20.839132011158117,-4.786895468728101,5.066121326651466,,,-42.66491789369085,,,,,,,,7.484504952375685,-1.8724130764438391,,,-35.369407676765896,,,-0.3801155021681344,9.012845643874531
2021-03-26,0.17202659456723637,10.689380060892132,,,,,,-52.16509769353292,-0.03345188730866714,-0.09342542837565587,,,-43.14334855940794,,,,,,,,-5.586952493191222,-2.08722035784277,,,0.2578851536267186,,,-0.658608543641344,10.842094340146836
2021-04-02,5.320979670137985,-0.03352937622086749,,,,,,33.275425726198776,-1.1670433058448413,-1.1882840587189811,,,10.225907957936728,,,,,,,,7.032958556691019,10.746340707955506,,,-11.198895851676342,,,,0.9040470602000782
2021-04-09,-9.54966273744366,7.358287126688198,,,,,,7.499299340614741,68.45786781882093,-4.583617005485072,,,5.433796585960135,,,,,,,,0.24273274353417568,0.19625092245937847,,,5.538142165705017,,,,-10.485644217440463
2021-04-16,-0.9847069770924393,-0.523775988431995,,,,,,-62.60667847266299,-2.863955502182095,0.1877262936461826,,,-9.885317729855645,,,,,,,,-15.489764564799994,-1.5393580209979558,,,8.596341889331377,,,,-4.758790598123043
2021-04-23,0.29952297526120375,-4.9357463798753045,,,,,,-11.196950473473219,1.190538302555711,3.7188961369665083,,,-9.212430738041668,,,,,,,,18.152150944553952,12.338671653110296,,,0.48196222839688224,,,,-9.088020214300247
2021-04-30,0.2830835048295046,6.336240279392922,,,,,,-0.5242254354285352,-10.58638118116215,-0.962197536498911,,,19.68696241684635,,,,,,,,-0.04519921431662022,1.552509150560259,,,-3.0396029349170433,,,,0.3975988422302125
2021-05-07,2.1680422040170635,0.10540614594118392,,,,,,-45.4498099831888,-1.1507242222580465,0.23998082024047004,,,-4.928778605477776,,,,,,,,1.1587916418778086,2.70374707634358,,,-5.132888884693504,,,,0.0017072479077139685
2021-05-14,2.3095237752086426,8.521367234434365,,,,,,-56.48005513112109,-20.58407668848392,-1.1374270415090477,,,1.763376321259852,,,,,,,,16.81374949218079,0.2541182464250935,,,-11.186708399432522,,,,-1.5265434352821483
2021-05-21,-2.6137360699467553,2.8239139379313336,,,,,,-10.066967419612876,71.52739086622415,0.09643068688406053,,,-51.4864325386249,,,,,,,,-14.900485031048188,-2.703232151885083,,,4.00614662125268,,,,6.536097766161671
2021-05-28,18.73333655990541,6.541184793631098,,,,,,48.551273022996355,-0.6192147201192203,0.0877664731360716,,,64.97959121728454,,,,,,,,-25.591442948940205,0.23132325163341577,,,15.888182538929732,,,,11.329065169537849
2021-06-04,1.6823952108944613,5.246139513567888,,,,,,1.8581611077268365,-5.654569677582668,0.39438043062978045,,,-39.3687009373739,,,,,,,,5.330169459241181,0.09576060166874245,,,3.0885554427034636,,,,2.9440362612218847
2021-06-11,-1.3100092054939791,-2.651214196246094,,,,,,34.565768399138506,-4.582594332458288,0.040182035831444765,,,-0.6486539017916044,,,,,,,,7.581288629031603,-6.545805697639851,,,3.196824594304847,,,,0.5384914372776242
2021-06-18,1.553870300584083,-2.7419441999460203,,,,,,-2.1704102562509515,-17.96504895635932,0.07409722800242964,,,-12.675132688975431,,,,,,,,-0.6041068183217684,2.1817274689103194,,,-0.4367477494971479,,,,7.775910507868141
2021-06-25,-2.0884375088475537,2.3376034106440517,,,,,,-56.05198396067156,-0.802332415987338,-0.106357119941879,,,-31.586919379540525,,,,,,,,-1.24139593325013,-1.1467787641979919,,,-20.977231128977486,,,,-0.015293515123058557
2021-07-02,-1.5627089781289392,-7.627284603990849,,,,,,-8.168327266583105,-10.099274490475679,-5.659265088594535,,,6.907477770425869,,,,,,,,1.8138753644556784,10.206012470473349,,,-1.6422347031182214,,,,11.137656496833912
2021-07-09,-3.7621322381852758,-13.210019802700476,,,,,,-10.353597629720994,4.154938062627611,0.11060167063873737,,,-45.862661679191774,,,,,,,,0.5662164834423005,-10.577722979947943,,,2.065247883819195,,,,-3.3756238541038464
2021-07-16,-2.8186100669406953,0.6573103096451662,,,,,,-47.73898598706849,-3.313433854001798,0.019294649869194963,,,-26.908508626704567,,,,,,,,16.712330453222965,-1.7923952492059498,,,-1.352480216010071,,,,3.8293457492313046
2021-07-23,1.3917485099381426,-0.1639291667252919,,,,,,-0.3309169846244269,-8.090057535900563,4.14601037311161,,,17.775587876182637,,,,,,,,0.28010998582265256,-0.2238133539660913,,,0.48631142740949884,,,,0.28951099585614526
2021-07-30,7.4556399369747135,-3.2229388033711586,,,,,,24.146751254734454,-4.588699935117463,-6.809751377662044,,,40.29728582543514,,,,,,,,2.5806977613101143,7.065841782342849,,,-0.016022745092528656,,,,-5.849780775210493
2021-08-06,2.3134903366084494,-0.5688564929436055,,,,,,1.3627646507218194,1.2453407110801855,3.832549531481646,,,-4.445738391078622,,,,,,,,-4.398178802280349,-0.07578345879282361,,,-0.41915394344599166,,,,1.9437049955720234
2021-08-13,1.3359708343753944,0.35101553435938226,,,,,,-16.680442224354348,-1.1589698064915908,-3.124670465457099,,,-1.8653173860508627,,,,,,,,-11.056287969167727,-1.4330678774682515,,,51.37501770116188,,,,0.16887139696176767
2021-08-20,-2.218316173778475,-12.845854968957724,,,,,,-63.392065491730904,-2.966434718073885,-0.19866565253896817,,,-0.2208743101091446,,,,,,,,10.16995955086016,12.024158354364685,,,-26.882851220982353,,,,4.977864328639789
2021-08-27,1.840328811609562,14.507725679093452,,,,,,-12.466104003288732,-11.590267731161482,0.3555058241110212,,,-5.403593903256679,,,,,,,,3.8569535766405223,0.9551222008939599,,,-3.367266879630272,,,,6.735262866724985
2021-09-03,-1.2599213096177313,1.3968585045564357,,,,,,-66.77716311705522,-22.681333647754926,,,,6.780178278872121,,,,,,,,1.1119635336094358,-3.2013376075518973,,,-0.25560883177378824,,,,-0.01911018872292858
2021-09-10,1.6753754187635188,-1.888520512948711,,,,,,53.938695583437465,-3.196166585840466,,,,-23.817386078659574,,,,,,,,-13.229251780934412,0.007097607355342567,,,-31.51152437024005,,,,0.26939932326480154
2021-09-17,3.841355844535852,-11.166895382461494,,,,,,-5.248338831529771,-0.7615747624453615,,,,-22.637449108320034,,,,,,,,-9.09250861141805,0.15206905439700175,,,11.71129636851792,,,,2.6291839698591524
2021-09-24,1.8530114853109734,0.8150815973923381,,,,,,4.458357683637853,1.2528119968808384,,,,-25.686439798704072,,,,,,,,0.38698768922567595,0.4261073792394113,,,7.811683651031417,,,,-4.523534893024518
2021-09-30,14.92760855208014,5.5197312832563235,,,,,,-2.560217110145145,-1.04898058197353,,,,-61.90336910218102,,,,,,,,4.322792722318104,-2.6570884845516884,,,-26.959401711561597,,,,-6.202770754513278
2021-10-08,-5.7137760288720685,2.1451888062547404,,,,,,-10.81583549144432,-17.91433030936697,,,,-26.39192452187461,,,,,,,,-8.640865718965163,1.5668987619708714,,,1.6698136305746882,,,,10.936847413052465
2021-10-15,-8.693070937723835,-0.22850004593033013,,,,,,-8.420429070328668,-10.311709395840701,,,,8.184647956455608,,,,,,,,10.47096039385809,0.2818960957218614,,,0.268186699835572,,,,0.2386122424144141
2021-10-22,-1.627736577161325,-3.604308185117856,,,,,,15.217269692355494,-4.444808616528717,,,,0.17028333541260898,,,,,,,,12.20715941218954,-2.878443332561426,,,-10.512764038050545,,,,5.341544396829583
2021-10-29,-0.29727886520414865,9.026766651888073,,,,,,3.9515742637123386,-10.219802283296174,,,,47.49069517367795,,,,,,,,-9.280162941902672,-0.11650532049899714,,,-31.647908829087743,,,,-4.590214299561577
2021-11-05,-11.073350003073145,8.40228297666107,,,,,,-55.91587452795632,-5.637729101997252,,,,-6.60438469565622,,,,,,6.433000475072442,,4.3421997905754335,7.78280741135471,,,7.604213495848372,,,,2.7849886162146404
2021-11-12,-3.596083450125953,0.6987365325923077,,,,,,46.9289448921723,-4.430346592147733,,,,14.704030557988482,,,,,,-5.311579270066223,,13.2629937460911,-0.07895034878205562,,,-0.4132809907331797,,,,-0.010535695143848417
2021-11-19,-7.157603179544841,0.4758366674581317,,,,,,16.73036311947307,-1.0914584462615924,,,,-14.17488900816817,,,,,,-0.09460148315413201,,-2.991311050355327,-0.8394966863926592,,,15.395114995365363,,,,0.3162708705020284
2021-11-26,1.140242161745695,35.50158306816754,,,,,,33.96779727518299,-22.653880039102077,,,,11.404840454815163,,,,,,0.0891808504635563,,0.6775047414794751,1.0933835620283763,,,-1.849195690920702,,,,6.594005201632502
2021-12-03,10.666824771801378,0.03956354574997811,,,,,,0.7678811104528079,-9.95610832004461,,,,-47.33989774529422,,,,,,0.059671786965544746,,-9.032255580618674,11.089123652966968,,,0.4678236840571802,,,,-6.421983009896074
2021-12-10,-2.3434810745472863,-4.278960725154071,,,,,,22.77045147782996,-8.019262925241286,,,,-2.2223271843549517,,,,,,-0.4854290352769703,,7.828613045962235,1.1421850942333958,,,-0.23642227670524205,,,,0.2756120803059551
2021-12-17,0.8692977626735325,-2.624882120455853,,,,,,1.9066231463311913,-2.837112691878268,,,,-7.209565072583544,,,,,,-0.24596924403099193,,-0.08750653694640195,-1.847910699912497,,,59.00406441535089,,,,11.066199906763543
2021-12-24,0.2678951684279192,-1.5523968206487935,,,,,,-14.764051566432999,73.53049643737525,,,,-0.8264714604041186,,,,,,-0.10866002272980677,,-5.126722688112974,11.609481681306095,,,-1.272658045401421,,,,5.833861165367453
2021-12-31,-2.025258901196894,-4.752563108285532,,,,,,-30.973442235103107,-0.6037662937940098,,,,16.34163430932788,,,,,,-5.567465047498785,,-1.1191242815905076,-12.304103490186613,,,0.6150956515109396,,,,0.459707841866382
2022-01-07,-3.6437414335738088,5.751395521711757,,,,,,58.22505589720217,-21.025524058867994,,,,-70.80543522992312,,,,,,0.04022660030616954,,9.6258211953732,-8.058448870653322,,,-4.047132363338999,,,,6.64994004406984
2022-01-14,-4.7248432649048056,11.397659638754268,,,,,,-49.673352543528765,-18.585056761489938,,,,-0.16698561631358122,,,,,,-2.662759737704987,,0.8568690910773439,-6.477510246214971,,,5.499271233679758,,,,-6.289647472484999
2022-01-21,-1.4050566864311882,-4.62604777562074,,,,,,6.88254242128132,-4.555837059827955,,,,-14.003142235120118,,,,,,-3.8117024566808215,,1.5190775583782812,0.6346944047692544,,,-20.31290146194339,,,,5.83702744541047
2022-01-28,-3.229310269971446,1.9727355087899652,,,,,,0.4547329707058996,-0.9644787552281362,,,,-10.365357404161434,,,,,,-0.9283000274037596,,4.738085154115801,-1.5632558838753385,,,7.201583062487406,,,,0.3111231495760386
2022-02-11,-0.3281393362417096,-2.9228365360713835,,,,,,-13.643012241554597,-0.48924634099738035,,,,52.58140120219836,,,,,,-0.8460500906166636,,-3.845649354437972,-7.551581056157251,,,11.948647634584994,,,,-4.58323218462359
2022-02-18,0.18203077443396487,-5.280911117417426,,,,,,-8.8241572390204,-5.805158041461875,,,,-17.0497498511578,,,,,,1.284712023119284,,-11.395989119102458,-15.223798271672486,,,4.082601645245198,,,,9.728188346783163
2022-02-25,-5.7653309345402395,-4.343826178954125,,,,,,3.79517303918494,75.81351516991741,,,,25.951055994516956,,,,,,-0.104347859820072,,1.0758309705845188,-5.242464421446106,,,-0.609629805767303,,,,0.0017730969367729388
2022-03-04,-1.5498696160122516,-10.235853194739464,,,,,,0.27925198986819816,-10.490391462492877,,,,-12.377428796604459,,,,,,0.20362231624900096,,15.7983012078652,0.43899850177471067,,,6.121627546429184,,,,2.9606487546413227
2022-03-11,-3.064047157773783,6.326782322083832,,,,,,-34.46470005981063,-0.7695331538263341,,,,-0.1374000794217618,,,,,1.9025820770843924,0.4372649714069147,,-3.8741292274847594,-25.61205179272659,,,-3.953317937720284,0.5085184181544163,,,1.4855347159226877
2022-03-18,11.859089307874987,-4.353713831746893,,,,,,-3.8303954516446925,-21.80924370865698,,,,-0.5560124751389997,,,,,-1.861659754078534,-0.2890067766646769,,-11.428710034554921,-4.746720795488363,,,-0.21169120284331322,-1.2580207850245193,,,-4.642311944045037
2022-03-25,16.662634812779896,11.78696555822438,-0.20443425568303036,,,,,-1.1043117208224627,-4.901521181886972,,,,0.8770638716919561,,,,,-0.0969355964355713,-4.840457121118724,,7.438311413099381,-1.380255005612069,,,15.925253921868915,-1.9951102874195161,,,4.460455112039082
2022-04-01,-4.785306265582646,9.37455062613699,,,,,,-53.19908385142801,-2.9399749027919433,,,,23.834529191383925,,,,,-0.0656213646630516,-0.5687381239035268,,0.23343520683684854,-5.701433063299845,,,-31.382522470315802,-1.959734163516718,,,-4.382991141193379
2022-04-08,-8.658285583955267,-1.6623433050228136,,,,,,-80.89835119434555,-3.1406349385161736,,,,-55.80974559102324,,,,,-2.0590295686672904,5.604139276134458,,0.7512617380445784,-11.75135505757731,,,-2.1054756682496887,-0.016392386381710033,,,8.827507946654388
2022-04-15,0.9132115425352563,-1.3850184711309044,,,,,,-5.569298187279118,-23.322603162552205,,,,-6.928254884357812,,,,,4.562609644324249,-2.155443603708574,,5.245150080084372,-28.643956616816112,,,1.658593266782662,-0.04192363173176751,,,0.587829067225092
2022-04-22,-0.5808638513959056,-0.11745115682158677,,,,,,-7.226067610984987,-10.466836756619998,,,,-30.322144874717868,,,,,0.2152062406854009,-0.6525170176084745,,-12.073741373455341,-7.920298268142696,,,-10.468071856097627,0.2705308320033599,,,0.3519271006047324
2022-04-29,-0.7264622445507984,2.0402883536669494,,,,,,-8.171510953003512,-0.6214004295483966,,,,10.857895659294334,,,,,-0.19077401607135322,-7.610600714734743,,1.4410677302237942,-18.820671324109526,,,0.3038295102715116,1.1982388854169832,,,5.209460303173964
2022-05-06,-14.736995421492828,7.156924907492992,,,,,,1.7102353063670264,-10.90444544592285,,,,-4.032206275003627,,,,,0.030226836583162518,-0.0033383126592433005,,2.5763151192368543,-3.3487971821192635,,,-20.100365707583588,-1.9881670283121013,,,-0.012466003802979742
2022-05-13,7.991967253956615,-2.6480503307965515,,,,,,0.11248722776525111,-1.079075328507098,,,,1.7728006072837137,,,,,-0.1526393362355306,-0.07164023167063288,,-0.3629191531814373,-11.01472119676813,,,-26.84383884365529,-0.1665630890164068,,,1.5512593478360517
2022-05-20,11.928213540562151,0.3112919116830557,,,,,,7.942672074291407,-7.649196702457191,,,,-40.30559617316388,,-0.01933585432646756,,,0.028597344474296613,-0.45547614757143956,,-11.246238736301704,7.968280506535102,,,3.778658983936584,-1.1097669890757966,,,-4.268609571035647
2022-05-27,3.8260100778356625,-5.556416998529856,,,,,,22.77267350404628,-10.004909884531523,,,,54.280331638519456,,-0.06200631017818603,,,0.16577271188228976,0.010472712676764796,,5.2789028536858895,-9.778620623420577,,,-0.3872971134129344,0.018057792378625592,,,14.583353885901934
2022-06-02,-1.171237916137053,3.4816761189560674,,,,,,-52.60971278742293,-1.1013779503634882,,,,9.339679446378863,,0.2233897793806554,,,-1.0737848301315944,-1.0751823189442,,1.1939473011782389,1.1047340391296072,,,13.186762469518731,-0.04989585525538717,,,11.209596421198787
2022-06-10,-6.7716719502209575,12.348929645540963,,,,,,-9.62623653464943,-24.01811449721616,,,,-39.64480203002307,,0.0052767272012912425,,,-4.661969651451706,-3.382385867843408,,7.572995629041587,-0.22424152553076038,,,57.232980554153805,-1.0632960675429899,,,0.9698062582621158
2022-06-17,11.515923372680543,0.8237183198367141,,-0.2678708705440872,,,,-62.32576150234004,-5.551430006702639,,,-0.17642255081950808,-23.206385709580026,,-0.10140537799665661,,,-6.209024287577594,-0.24083755681678204,,0.1207363371028928,-26.227332867948018,,,0.6174517290851615,-0.6156395108815346,,,0.10981113241730953
2022-06-24,3.61716716818009,-0.10239952469579566,,-0.5928628327115106,,,,-31.50584061269664,75.56815889871457,,,0.10487010274213875,-10.69711817362002,,0.19499752157414907,,,-0.7356725503499708,-0.669325680936784,,12.778591729928491,-0.9828077865928605,,,5.544499036663874,-1.7341354999308614,,,-21.542028559366344
2022-07-01,-1.254634136258845,-0.7157566625376491,,-3.781686138197234,,,,0.38365558850540626,-0.583182375250144,,,0.3173741500189431,-29.252617313974255,,-0.09055472696407252,,,-0.9087614646891553,-1.5239991532011163,,-2.0821350569843027,-19.41163519012961,,,7.226953899556954,0.07232021379574607,,,6.652624043875849
2022-07-08,-3.4463822444732863,-1.3851837612000857,,-0.02374471610825865,,,,35.07102047126191,-15.38907711809716,,,-1.169141872621702,-36.57990288545738,,-0.0035958848835270785,,,31.04305101957748,-0.38175276854100937,,-6.605470491597348,-7.397768353479217,,,0.4998407325527059,-1.5648722130593995,,,15.958597206902539
2022-07-15,-6.6017495467310034,4.707628076624698,,-7.177477212847441,,,,16.38222968389939,-15.67896236302299,,,0.42927596272969193,11.80108589211825,,-0.12848328213930937,,,-0.024521021978291167,-5.789745449053367,,-4.715940027996595,2.203168908239129,,,14.367877538722185,-0.02217433758967348,,,7.465449721397691
2022-07-22,0.08175062612949444,-2.3159787224355424,,-0.1024454844457878,,,,-34.06395699093024,-21.494915325926755,,,0.031094638652955815,-2.856017017281394,,0.2099516592588878,,,-0.643885571520167,-0.16149874405097978,,0.9689879450961915,-34.9014039233393,,,-4.048496117848228,-0.5368996403232853,,,19.260844121807207
2022-07-29,-12.986941716730549,-1.527115151063649,,-13.392762940062038,,,,53.18118634435505,-10.464848086574483,,,-0.3036739146862246,-7.199440669306561,,0.0677318094888098,,,1.7835815454216803,6.361419206079292,,-8.581582838790823,8.519830969381458,,,-20.40763754164199,-1.3446866008743321,,,-20.801339402009475
2022-08-05,1.9994796772956795,-2.787429849785512,,-1.282500855013636,,,,-52.662974812216795,-4.112655163290611,,,-0.955064054080185,-4.9093109125198025,,0.08215755180606538,,,1.8890414454276754,1.373295093140829,,3.3096060626491006,-6.706392022705014,,,5.425959959838288,-16.694604839821313,,,1.6000245504734352
2022-08-12,9.108263204730367,0.4919133368306641,,-0.02653981740039782,,,,10.725354365566881,-0.5819881241190252,,,-0.13421084180478582,4.037111270557436,,-0.055983051820768126,,,0.16556019818076845,0.10375754327270661,,-8.623546970517024,81.07227470287313,,,-10.619731580668287,0.5826448695416291,,,15.419972460043471
2022-08-19,-10.029825647729554,-0.47658713307897,,35.97386501168651,,,,-3.283860363108523,-3.194669036850638,,,0.5408506045561708,-69.3129965881237,,0.04221669807366446,,,0.565255926198828,-0.2639840589005614,,14.915043423440139,-2.3214887786857585,,,57.66576359648151,3.27129754374237,,,12.27769247611777
2022-08-26,-5.566993033545145,1.2727845529309616,,-1.586704734495755,,,,10.007547266387276,-6.785460264852605,,,-1.1684243319165821,36.10908408170346,,0.10403433795062361,,,2.0537160528456786,-1.8160297555843201,,8.231344968522638,-5.657891216417083,,,-1.7351266940996872,7.43432006608562,,,-22.173856087882605
2022-09-02,1.1191179169779453,7.150429338088269,,-1.1624298718175445,,,,-4.178774362321164,-3.217506831536221,,,,0.5854862927561928,,,,,2.068248335575265,-0.12460861352761031,,-4.703441987041952,-3.9481490606719882,,,15.417490788549777,-0.4289896803334532,,,0.12574274225030393
2022-09-09,-4.574107974936988,13.067232179153647,,-1.2023729956219729,,,,-11.827058024795262,-4.211006100141541,,,,-0.17313490076683102,,,,,0.01391745290532692,27.097544465821013,,0.19907905488221592,-2.5975343137341853,,,1.6139616913194215,-0.5422261775354337,,,1.0371474429007874
2022-09-16,5.597594813629554,-14.397475570238074,,-3.589214707429522,,,,-51.79993974753761,19.887323523818313,,,,28.551157912888957,,,,,-0.1394518658848791,0.01896510611597525,,0.13507285957530357,-7.405674378470548,,,-0.3974991816994101,0.0036567070776341044,,,-20.862959091865655
2022-09-23,0.3221690135386662,0.16653436155845688,,-0.9858712841695279,,,,26.424653431290952,0.16248494378944467,,,,2.3924800743729175,,,,,1.5004727867983791,3.6061620419541893,,-10.451676141157353,-13.655286308260038,,,-31.7069292087392,4.273862571215833,,,7.769152585483203
2022-09-30,-0.814586008297015,-5.276457202854974,,-4.662325254489101,,,,60.44471489634864,-38.59898703802497,,,,-18.100660985977704,,,,-1.5742761317716,-4.910171408630171,-0.13001726563644234,,-1.3721613742607435,-24.858864618420558,,,0.4749529697705648,-0.06053220911684455,,,10.081744602292144
2022-10-14,-8.960675789634992,2.6790244357742745,,-6.106264743145685,,,,-2.958168205409702,-11.82797721020371,,,,-7.051385676022771,,,,0.9024737655564434,-7.004347938495225,1.044655009210183,,-0.2982378944844598,-5.275266154100283,,,-0.2140266737881936,4.511489370474905,,,-21.557748539089893
2022-10-21,-3.443926936710776,-0.4789783280463368,,-0.30430250939294623,,,,-2.1768818000224623,-11.209454920988545,,,,-8.432865911907818,,,,-2.7150734611444083,0.12389524959498092,0.10946045446654087,,15.81057415833391,0.10660509479173771,,,-27.09730464250692,0.2412106767447122,,,1.4870507319757675
2022-10-28,3.3274978906200414,-0.5229742307360639,,-9.825470223007322,,,,32.26581803136996,-0.9661336424121401,,,,-39.609225611045055,,,,-0.9094579650854553,-3.0980890065150124,-0.8796813770590388,,0.7467885181243059,-25.464611018409375,,,7.168178867798213,8.420710978976688,,,15.16074004275387
2022-11-04,1.2477309948208766,2.0295067080481264,,-3.520009528644491,,,,-56.06003821127116,-5.035453142186176,,,,-27.562516994256622,,,,8.812264788971738,-3.8923564011963268,0.07415351238107748,,18.42509579062284,-13.154253757031277,,,-0.8077631847188268,0.34666837602099915,,,19.88520734950227
2022-11-11,-0.8889216070830983,3.4391611539483167,,-1.073826988254041,,,,-13.79189607422568,-7.1339870501578035,,,,60.493192875514104,,,,0.33817676662756735,-0.5605405017366503,6.959022875323769,,-9.292306331241019,61.34107008237875,,,0.6226382706995739,0.6189621573123705,,,1.0282613819241997
2022-11-18,-21.88645100282462,-20.133920727542304,,-0.26573662262222786,,,,13.070457202092385,-0.14344617902467083,,,,2.463660115810766,,,,-5.0506364491927656,6.09357825409277,-0.23792695283743667,,-0.1658011810655074,-10.568615563204476,,,0.5981233747896977,-0.8766510547558208,,,0.13222843959206054
2022-11-25,0.12667492653248089,1.009040258318878,,-0.016346679352660654,,,,-6.951711659275399,-4.528582043412054,,,,-50.810348905905826,,,,0.7358636902084243,10.074071602391475,1.3583161968529003,,-8.72361701557268,-18.911693587836275,,,3.3633817429994934,3.238135296900195,,,14.13952441205853
2022-12-02,-8.04545673760347,-3.03253765917862,,-1.166927587187217,,,,2.8558212903835294,-2.494045634487823,,,,-9.766425748968805,,,,-0.6047770453980277,12.39973577083042,0.2818964029982982,,4.995200781816806,-0.3458135806304107,,,6.108526802567228,-0.0358109846012957,,,-21.26880094914189
2022-12-09,-2.460089003247739,1.2528802944109207,,-0.50441471537673,,-4.590842466440431,,-6.37465966671517,71.6566577823495,,,,-8.342390370076268,,,,-3.713348862435346,-0.01343453241294977,-0.298724032174991,,3.8848771887819407,-26.514686714848416,,,-4.012951527413471,-0.013449828270594238,,,0.24849364145584757
2022-12-16,16.148359000241726,4.269219984382322,,-17.200257983866486,,0.2676140342094255,,-46.26515300316469,-20.53203752818716,,,,-64.53158101012929,,,,3.8354158603536206,13.539901104168067,0.10852705630456613,,5.146845713539012,-13.55480407751906,,,-2.0746958469468204,0.3310616952660398,,,10.092208516646954
2022-12-23,-2.1362824623093664,0.4518347254381407,,-5.006721215850334,,0.639002437535041,,2.5907131941055104,-7.600577776301623,,,,-10.69106488401785,,,,-8.762262425944582,-0.06379536235193106,-0.15838962508876697,,-11.639353667486041,-5.189832010825621,,,-0.7242223365679545,-0.01162914312152259,,,-20.95982022208932
2022-12-31,-8.906417811396128,7.544368016144562,,-3.9032172892855055,,-0.17707218282846526,,-53.04517592272393,-8.342016232398105,,,,-15.346265885045757,,,,-1.5169009890581502,-4.807564875632496,-3.899872518915466,,1.0180187567037409,-16.081016814328326,,,5.561889646432836,-14.94846101649695,,,0.9595685987639883
2023-01-06,-14.477287519758871,2.0263364622413924,,-0.4494136846629797,,-1.8079811944604067,,3.523074727596289,5.028432866846578,,,,-9.227670336058786,,,,-9.348494107958391,-0.5251685729237394,-0.5223044880855391,,-2.11642033126151,-10.01840363406318,,,15.005595077534615,0.4254028963464451,,,1.4945789889779308
2023-01-13,0.06522779568396009,5.071164304638626,,-5.879682452388554,,-4.659259505545287,,-33.88363085869778,-0.48394535767706925,,,,12.420293135583638,,,,-3.6581472450965142,-2.634396664748034,-2.4026453699983734,,15.566893997610967,12.093594656129271,,,58.66550819055972,-0.03958402357069324,,,8.005859145383697
2023-01-20,-1.2171997469856997,-0.9297704344911191,,-0.1976491322218569,,-0.16041270792509796,,-51.06133951034329,-14.256212892420898,,,,-1.480063148134162,,,,-9.098040218897749,4.617351487681244,1.9113108238909784,,-3.8242703524226878,-12.19652362528165,,,-10.461503171610989,-1.685835423828054,,,19.76635012378988
2023-02-03,31.059147669802453,13.41062739887721,,-0.5986877989023982,,-0.12148224891477633,,56.697930215892455,-15.407087901710558,,,,2.5240238091862586,,,,-4.128863253914018,0.6561399447321129,1.1173800545626003,,0.9097856210736283,0.1649111443108423,,,7.2542480129675315,0.049214983261813276,,,-20.856233183719617
2023-02-10,23.805357339293856,-0.08600321646677611,,34.78569906613271,,-2.0261329065553135,,-54.611934049064786,-12.51846462603111,,,,5.433759448551352,,,,26.855628155434015,-0.1337334179882099,-0.6590059466327535,,-12.991560740885467,-8.592248062214146,,,0.649580186136347,4.967598803614029,,,7.353970587665156
2023-02-17,-1.2591460130606396,-1.1640053366412797,,-0.5955921101844717,,-2.2149274902277365,,1.2336159964611744,-3.6287165413618703,,,,21.00838421082094,,,,1.3634088984568082,-0.09305624976312589,1.1609674087373514,,9.015439873526962,-3.886242067928859,,,3.022877535376116,-0.45538539262780114,,,1.4526499096126808
2023-02-24,-16.10465229303638,7.245205832467889,,-0.03503438971501267,,-0.12386849027501576,,-49.96105305663497,27.752610629384968,,,,-0.40040561201926494,,,,-1.4877132215445004,-1.0951572650469978,-0.02459274346610274,,-1.546362305248858,7.256092067795622,,,8.186219374313602,0.1289020042618838,,,0.8621854324124767
2023-03-03,8.457084985821945,-1.70452016696078,,-15.085240132890831,,-0.06350503287354084,,-1.4626108187957279,-11.144839629975662,,,,30.261123941867353,,,,10.29910856026946,12.649628870588598,0.021391766373165637,,1.2866501677207827,-4.289421811181127,,,0.49361997444829186,-0.7252447659678191,,,12.641900901013669
2023-03-10,-6.273902459506069,-2.615717400392495,,-16.032869761185516,,-0.6176831810159589,,-56.699911224367526,-1.3735729708141944,,,,-9.238928916374741,,,,-3.3656771755763777,-6.867415912924887,0.29680564113660746,,2.627673202456868,18.617243470003366,,,-26.92599932676135,0.7051267132634915,,,20.194444863193773
2023-03-17,-10.982666072588318,-0.7456013958720619,1.2914991016250954,-0.10554591895378901,-3.778730040632385,-23.54531725362579,,12.577897283002493,-13.300873888650152,,,,40.71520255293061,-55.60936963864606,-2.8379883742906395,,2.0565664174236034,7.626280628863494,-0.557816611020441,,10.898312296188788,3.423228216195451,,,-31.673741066895975,-0.8003121842579982,0.18430030168605605,2.059731264087599,10.301396121666823
2023-03-24,-3.8103406429155493,-4.752743662078836,-0.28695036235612764,-5.081331186171889,1.1755269917868993,-4.823203442734099,,1.9189165394730316,-11.877392357870345,,,,46.920284468608415,-1.305422388750201,-0.02203223887409246,,-1.4263497175698283,-1.5178026228721966,-3.1481852296046577,,0.2830836275136044,-15.342219857544496,,,1.6087035504023723,0.189367076170617,-0.13486442435116436,0.24204249480449494,0.29138806479305956
2023-03-31,2.111114224794105,0.4579308166245504,,-2.5941423089616404,,-1.0481338687797268,,-2.262925890316727,-7.48272798468404,,,,-5.934012877930689,,-2.772194205272445,,-1.0163236915137976,37.04412933888719,-0.05821565123833755,,-9.070214169241526,-17.139608979941624,,,-20.333866278364088,0.12311647759389094,,,-21.199049246923536
2023-04-07,-7.192753920944254,0.04660465064417765,,-0.351161343755505,,-4.477641768852322,,37.467664154417015,-22.56121819431193,,,,-1.000175192921258,,-0.034248086858673324,,0.02064532574990463,-18.167167816373688,-0.3539117846568105,,0.5058328345903045,-1.5600962303277552,,,-0.19208004062526768,-1.4162277992032404,,,7.723960572094322
2023-04-14,0.03206743743663588,-17.307619583963938,,-10.558087543310405,,0.18364096569347782,,-12.03538109535922,2.1132340928540736,,,,1.0660150713500733,,-0.03597303828387507,,-1.5875245639947995,0.4780884925068104,-1.7901727514681518,,5.470245501959856,-11.105073712652118,,,14.74298445138994,-6.470178562721587,,,0.2934722007359868
2023-04-21,-17.447908092764138,14.864926936066206,,-10.249934731786606,,-9.49314898182107,,-30.79416130350028,-0.24495980030085884,,,,-0.011074229423769566,,-0.5772883929567991,,2.5878735510136934,-1.1386081378769013,-5.469517681339359,,0.7177480975500965,-23.431891923034765,,,0.6058029009661177,-1.9764947845527485,,,-20.557934191079234
2023-04-28,-2.107841059524645,-4.643908416859266,,-0.28360296716053957,,-1.846095739405323,,-0.2935883748222925,-22.00396871190117,,,,31.75301717006758,,0.8800021272163967,,0.3842938920171981,-5.793163019577519,-0.09599174046731179,,2.173531199485648,-24.944437795341237,,,-0.43445892640678585,3.1875159530625914,,,20.741444416863075
2023-05-05,8.508447555579071,6.023753977168743,,-1.0570288237458871,,-5.323488780347919,,4.508674658895661,67.48802368372898,,,,2.9387235355300954,,-0.6024373827778681,,-2.7426447170721353,0.150588908813027,4.680483035395431,,-15.071744476232027,-3.9332098829876236,,,1.7013015702272725,-0.33885201512839425,,,1.453165625685862
2023-05-12,-3.9677694944104682,-0.04858034851164915,,-5.0619962047211295,,-6.04767547882388,,-1.4643872736817165,-27.141023651947833,,,,-28.510318829048224,,0.787141362311741,,10.111125153952303,-0.11919964111910003,0.008439563084059784,,6.89458186728803,6.659111761145426,,,13.30030718949999,-14.110682597983812,,,0.8383103928884447
2023-05-19,-12.845902932394237,0.2731825376012463,,-6.590389586712234,,-4.4215976215261055,,-7.57492825716027,-21.754461347120643,,,,-12.887682654181038,,-2.4448664005667013,,-0.33096090444065834,9.145321021292904,-3.0222222212978913,,-2.520736928281012,-11.376155779852372,,,4.958648637909135,-0.09726234002621345,,,12.351760327261024
2023-05-26,-9.126057469132085,11.241292003595168,,-0.4758017012276027,,-0.28649872956073974,,26.807903044121534,-4.7146880683791705,,,,-11.368515994399857,,-0.0067694236547575,,-0.23743494140270638,11.967503743727484,23.72170928648881,,0.057927790827441275,-16.873423134713846,,,-4.619484976137742,2.5822957588499764,,,-20.705469612471063
2023-06-02,17.492863022072655,2.290762468379645,,-1.5756499860267144,,0.5989423008308608,,2.132645428467577,-5.388009101841565,,,,-15.313941362708595,,-0.03790110221399172,,6.145407336065954,-0.16516030769548928,-5.470899956105465,,-5.018743847097626,-10.425481594838512,,,-0.18385320500396954,-0.385713049951658,,,7.653127929923604
2023-06-09,-8.38723077172366,1.6386529413399975,,-7.470798836035904,,-0.1040156488555356,,-7.545729111074779,-0.5358623418751174,,,,-8.843014349130817,,0.008608399788988407,,-3.470775441811462,-8.722889568959948,0.4895802969899141,,0.23238867025734455,-16.053702646739865,,,-9.1174313199101,-3.771351920979414,,,-20.950429970519515
2023-06-16,0.8216015259530942,-1.3959115240942837,,-0.09611996512671546,,-0.19843261207317614,,64.0563413339512,-5.5494059612116295,,,,-47.47247918564693,,0.7536466918836052,,7.893463967228412,2.814972333989699,-0.11510746201160682,,15.540962938408855,-6.577687278344606,,,8.827852546775011,-0.3377369225036372,,,6.994642865512914
2023-06-21,-6.383482542346546,9.864121850962082,,0.11544349280933752,,0.2959955834746654,,-5.215840469716907,-3.8530604195427394,,,,5.80077239920004,,-0.03856063697784529,,0.02208069791750425,4.577041998201684,-0.07294457441903528,,-8.522240946728362,-13.296010851673255,,,4.448060447869425,-2.8340072497013176,,,20.5105437576869
2023-06-30,11.858658817146326,-1.493477893891051,,-7.124486915628884,,0.0959604410571725,,-56.32073914267938,-13.242932344620082,,,,-36.718005622283115,,-0.6067733388631134,,4.038133102977552,0.9889496028077279,-10.232363106822321,,7.290690570073878,54.35071793814966,,,8.827090731210205,2.3017295328620313,,,-20.302684712562872
2023-07-07,-5.240346755864202,1.8743920955977962,,-7.195237362950335,,-0.16245003509148115,,5.360189105229874,-4.454954472597788,,,,-4.345856460551663,,-2.3411691934352055,,1.5333019945619242,-13.427717078020876,-0.11944092992929525,,-0.23678160332255271,-0.8540703756629684,,,2.712268518202119,-4.172641115464053,,,0.783762237947966
2023-07-14,-12.269102271225792,-0.29605403221181736,,-0.2682661988943136,,-2.5277657813504075,,0.6171766194622461,-2.3547188295921444,,,,10.921350913668043,,-2.355736657755023,,-10.464387139487549,7.407829948868208,-0.8561768518135751,,-28.043096753826994,-33.700890288633175,,,-0.4212037502593722,-7.134160780441064,,,0.2936208956004914
2023-07-21,0.48313036180674507,-2.5726845088408576,,-3.748406142466682,,-0.7718284056615818,,-7.275981847882827,-1.4072458875583478,,,,-87.06321881826061,,-0.039542363800993366,,7.997026116504532,0.6368729889212852,-0.455271948828144,,6.612888361118556,5.300675119658578,,,0.4804224719225184,-0.46057798603190664,,,1.4830085237263853
2023-07-28,28.32275485689949,-16.384442358978426,,-4.555460247347699,,-4.700767830994237,,-28.532271560944032,-17.401112401098715,,,,1.612516032763799,,0.007865680388845645,,-2.3003875449255213,4.368786872087581,0.45539900037616565,,3.5830792927478665,-10.921271741169333,,,-24.107094637167073,-1.7853066896734897,,,12.915537009460047
2023-08-04,29.022768452098717,1.0180172990242016,,-0.999077094381495,,-0.1786160098721948,,33.4997152838357,12.93524709364549,,,,-29.98869963282317,,0.7594412465196351,,-2.2223808512277836,1.014575050679574,-5.411999908505553,,3.132672803836969,-14.196444855711695,,,14.421342478503803,3.3008810022106543,,,8.39271831885576
2023-08-11,1.1469346926538981,-0.1269529080399341,,-3.5034978879921126,,-0.161230684499845,,-49.40798741217127,-7.531073352218064,,,,-6.090460383055198,,-0.5692071550396202,,5.248553738955261,-4.7150680996945935,-2.5827632727615235,,-29.11834274121317,-7.3112541511740075,,,0.3868394884353563,2.2129801314889694,,,5.510791484845699
2023-08-18,0.1049863681546126,3.849242765905956,,-3.921350797226699,,28.389043644393748,,-61.082288023727315,-7.1053496122388475,,,,31.014554727089497,,-2.1679181524824944,,0.337919960986085,-6.012201459859867,1.7000522569326773,,-3.5614053675664943,12.067950060239616,,,56.97706191470488,-0.14274096099183603,,,-18.635085332361687
2023-08-25,-5.627428737561719,0.5312315999438594,,-0.5685074081099897,,-0.8597959589445956,,13.152585741873636,-12.844298639831372,,,,3.828335935319852,,-0.00997601277573026,,-4.6975369195615455,9.526055183935686,-0.29644522167134746,,-0.6732185955523498,10.311900587243889,,,-0.575841077952262,0.28682584442299874,,,-21.088588447878855
2023-09-01,-2.0411607914874903,2.577033415945454,,,,-5.440509565191077,,-9.745931205250233,-6.0623714915692295,,,,-4.149054179801198,,0.7103763749392578,,-1.770640838199668,,-0.061860615602774796,,4.049997317146133,-19.043584138729713,,,-0.7822729038311129,-0.21731470922148452,,,0.31549972306313695
2023-09-08,-1.5870481827672045,5.719812940836452,,,,-5.081278286765799,,-7.221331811147198,-4.784520444117806,,,,-4.065784439682847,,-0.04160482761392292,,-0.7708296362676723,,-9.820106251601086,,13.16035626624263,-31.72273743501441,,,-33.27138096200123,-0.12061330422411909,,,1.392988633402539
2023-09-15,-17.522132497694837,8.211847915912037,,,,-0.008795835249671487,,7.1922877759247745,3.4894231326537413,,,,-6.571632283488295,,-0.5837313880111624,,5.555807926646232,,-5.318250648787561,,-9.332756763386566,-1.9804317993213143,,,-22.41926236322633,-1.3718558314063043,,,20.24730497609136
2023-09-22,0.3575410811175222,0.5615279547329244,,,,-2.7057811654557713,,-43.32736351824619,65.94123604763436,,,,-8.917676036924446,,-0.05039169932524151,,0.023873547360960923,,-0.5621139200752139,,20.770565947458493,-5.60637875217869,,,-23.374293712884317,-0.18781439991779553,,,12.621203119119624
2023-09-30,-0.6678771302005793,-1.0559048054456073,-2.067237710750775,,,-0.8505318648953905,,-2.3087477270047883,-4.519054073642821,,,0.03100913495687421,3.0924378635212797,,-2.3677310343554456,,0.08908926180243903,,1.2201494292848547,,-16.669491153650192,2.6278046863203293,-1.203005374789511,,0.3605009079018088,-12.074118454292016,,,2.802717235590679
2023-10-13,17.29057183105084,9.671265586714718,-0.02744750304803371,,,-5.587574998071357,,-7.4982485939406,-15.11266557524644,,,-0.9558790120033006,2.0255219007737493,,-0.0007655386448157941,,-1.466600691785569,,0.11117255001753644,,11.961321786322312,-6.490830242724875,-0.14382649508755369,,8.116079774960074,-1.8075358586489814,,,4.720392323344059
2023-10-20,13.486505623522183,4.467587590823046,-4.24803584389543,,,-0.9429573330601118,,36.618387838158675,-28.773063270260412,,,0.0317788885253973,-1.6291828966732422,,0.7482321973224599,,-12.722525445087372,,0.26613560149613674,,-1.4429371366265462,69.54986618837357,-0.09830945146124014,,4.69773521165495,-0.5572345649128088,,,7.41760151043379
2023-10-27,-2.3460799446021943,-3.344515794588351,-2.972098886877782,,,-6.0456231237622475,,-72.0590725648665,-13.891219144558251,,,-0.14653756659100353,-2.5787904663693455,,-0.6428766791719376,,-0.06970728942473635,,0.4456129774962291,,4.862063139072974,-35.44413609311408,-3.675318866026304,,-4.258900009018578,2.800111461583791,,,13.311439161544808
2023-11-03,-2.8648147208767987,-1.5716597137071626,0.6429088350803716,,,-0.0916703763298179,,4.4647625763741345,-24.222762350311683,,,-1.1595537491648475,5.016881851789652,,-0.0009924195192880236,,2.9866288447779126,,-0.13029736287824403,,-14.610336938889063,10.23554719035835,-0.13539202876141682,,-0.19866004897610343,0.6258576844036607,,,0.46196537117391134
2023-11-10,-17.79834527326121,-1.0406209276617724,1.1294771489334945,,,-0.5997175982027491,,-10.764923102635185,-2.9230439016886764,,,0.5459274814639504,-9.529983907266676,,0.7280187079240463,,1.177675325614053,,0.45812573010491586,,22.93054834897458,0.74342602491714,-3.645923347048088,,0.45274475742534814,-0.6265445168796391,,,-1.2103470610256626
2023-11-17,-4.3550179618070235,1.3302827396192998,-0.7673953710908619,,,-0.08239093451892598,,-1.4836349661688988,-15.482788839316338,,,-1.2112923383178122,-7.141088707550745,,-0.06256588063098814,,-1.9439454325616143,,-0.9039516433920973,,24.63525899833168,-33.237296775644225,-1.1342815023504045,,4.33644656939825,-0.062153326963958345,,,20.512678201404903
2023-11-24,0.3273204287684351,-10.568400744990468,5.20311474426089,,,-11.046862638967792,,11.880682458622964,-8.095760130077263,,,-0.12944814274387856,5.276473211747003,,-2.2335085101678875,,0.20082529116571746,,0.07370445849346244,,-28.144062230266595,-4.874488668590315,1.2018318327145465,,12.847747143021273,2.7705975842565267,,,-15.899790344727537
2023-12-01,-7.2422764562790345,5.821856924653884,1.6065252586386927,,,-5.246769623980439,,-14.728295296522914,-19.349981170424,,,-0.9897993139719914,15.243015277301959,,-0.6499384209502671,,0.04354105574447531,,1.1113575271740195,,7.04206307057551,-3.653636173318194,-0.07902096892439224,,-2.79838586131529,-1.369692203995305,,,5.230514711700574
2023-12-08,5.70115247702536,-5.573383724727519,-0.06038704130137937,,,-8.981969335205827,,-6.755494129962605,10.902104128005803,,,0.5625769771902082,-0.2749331250048561,,-0.040487891068781846,,0.7488566992114083,,-0.11340963867949067,,-0.2587814445537213,-10.001874086736276,-1.132175465187876,,-0.4533662433003026,0.44501929919737304,,,0.6897810063932528
2023-12-15,0.08496158424921589,-1.8155034427173613,-0.318162555509624,,,-0.2506764259189141,,-32.155261774263316,-6.709565117878184,,,0.0334124373888639,-1.7731791794818237,,-0.5494727293689933,,7.511064786165063,,0.07820266911482607,,10.214459568699276,-4.636729215441999,-3.4948600602224236,,1.6672955562737395,0.10409751220491334,,,-17.661043883778213
2023-12-22,7.917762143680103,-0.8128639422472265,-1.1117997888118145,,,-6.493821746535122,,32.66823466735767,-7.187800533754213,,,-0.9972749729779571,-7.969300724179262,,1.926177646313775,,3.8694289059935985,,5.671560023928164,,-42.33247397993081,-23.152189942209073,-4.200289511915349,,-0.8189223091055577,-0.4613044148321531,,,19.890449036313164
2023-12-31,-17.003188504546515,-4.832909079959201,-0.08520041244323424,,,-0.9450379593742361,,5.585225983357285,0.37882804036266515,,,-0.1314028204354263,0.1805656180591127,,-0.0004095312665893477,,1.8511439382647905,,-1.1008087463480587,,-0.5311414015819607,-11.852559727592308,1.307720289111188,,-24.616689478851846,7.249089501171624,,,-5.0757712603983265
2024-01-05,-8.587170074061321,-1.3425980628785554,0.09928833276686017,,,-0.9911649850223572,,-55.54136730394527,-21.62324273979758,,,0.5721174153762637,-2.7084219050118383,,-1.9662366903663455,,5.530102475589739,,0.5941352620217829,,-29.890594300356916,-28.155118452329564,-0.10871284689926561,,13.926991833554503,-16.282076555266144,,,13.35899040252324
2024-01-12,-16.0468426857998,0.5555676254572522,0.685577520551046,,,-0.49406020130760064,,27.93183954807119,-6.781127854456704,,,0.03236089246654439,2.9447907537813918,,-0.2904809901445532,,-0.2985110217776805,,0.02184640286326275,,6.109458168129358,-37.63088754517558,-0.13164552976209798,,1.5422624659748827,0.3068754542502438,,,2.138685359528332
2024-01-19,29.39007716052284,8.494400725581432,0.7443956962537657,,,-0.1317781653143651,,1.7439514469122943,0.08602783304749817,,,-1.2289415261409093,2.4386492918526876,,-0.08809328394265131,,29.68066429026194,,-0.08803703648576226,,-1.998708014645088,63.715552878526765,-1.2233439198685705,,-33.235437322730945,0.7057637152716587,,,7.452646945946386
2024-01-26,10.286443535138579,-1.9607235701224188,-0.820713950914205,,,0.15784121583909178,,20.878130153337658,-7.684430232996397,,,-1.0760946893218593,-6.9375672920204465,,-1.5116362791717446,,-4.9791547797126015,,0.36234556765955106,,-3.7538599415210903,2.981181789481068,-3.9975123943536044,,54.137505596888346,-2.912702275603481,,,-13.64968050681635
2024-02-02,8.254094160360511,5.720813215443372,0.29870623977637384,,,-0.675855854857074,,-47.621864832663874,66.06576599344129,,,-0.1343830641406346,10.645835717382171,,-2.55079547336158,,-1.2653594888801982,,-1.544566794078979,,10.506816541204822,-1.5446326285500185,-5.865152423946747,,8.639854217271832,10.953513852338299,,,-10.260424672035754
2024-02-08,-3.563852910893562,0.8315205677210511,-2.8779052650127297,,,-3.3239093341054406,,-9.977047486717998,-2.9067052787945062,,,-1.3700703999076982,3.9739794699397026,,-0.08241955269637966,,0.6804228929146439,,0.008871747277398288,,2.1346669881006486,-20.240450198318317,1.817727722789769,,2.2971594361600323,2.600477566556747,,,-23.718957614606943
2024-02-23,0.05372108308630888,0.4382799383249497,1.7096822139106547,,,-6.459122379803572,,-2.5027138591155587,-12.537491332760158,,,0.6223165742207049,24.942507251349394,,0.53073698230512,,-2.213213621414298,,-0.22696966950445802,-8.14188763607108,0.7108415141447837,22.00198521709506,-0.20032783431702988,,0.374656946431096,3.1206542609279033,,,4.597184057219776
2024-03-01,25.901311768760937,-0.10875261751747244,3.7338055887740427,,,-0.4139337955353999,,61.63264013691557,14.344122496438594,,,0.015184130529291592,5.116319938540487,,-0.8775553441644292,,7.290996857690439,,-6.864290529866599,-0.16728698875996995,5.828564737795589,-10.552854917276253,-0.15700310174899273,,-21.762784305461807,5.072934560123129,,,0.5441675350703019
2024-03-08,8.566857088366957,-0.3997822894322102,-0.02185239910721047,,,-0.10564350873842676,,-28.26841688898231,-1.3899496603110695,,,-0.13318800610801368,-19.095519701788294,,-1.7101337563293868,,4.784083812540894,,-0.17450805398351807,-6.176566030422287,6.263028809542306,-14.145600930677062,-8.257941650035804,,-23.124042288352705,-1.142650504346066,,,0.019605975620163335
2024-03-15,-2.5879588787926875,-11.367479129008462,1.466477301863834,,,-11.783075676174578,,0.6623291070960746,-31.3364891541068,,-3.2446114950542526,-1.0578823014047507,6.456672240708585,-13.134400928859634,-0.9399351599298646,-0.103827005746761,-18.02858670999671,-0.6091438265614717,0.4932023892122782,-2.752651938364422,7.015066077604984,-6.317907272925439,-2.717817510025913,,-0.7335545385840614,2.866686020207427,,,17.84734471472496
2024-03-22,22.986665784105824,-1.448646685589416,2.016251105806452,,,-0.17827724378814958,,-9.779181894592469,-24.04737389927109,,-13.309291721898862,-2.0825143047020562,-3.410064320840256,-5.667667519370404,-0.09366514408025484,-0.6322303697834692,-0.23727107678761164,0.7121925768165043,22.13629668647538,-9.252976655041198,12.255962248526181,-5.428503924626678,-10.172888831163986,,4.596501492869347,-4.686054707334903,,,4.060118720769941
2024-03-31,-13.779377801319516,0.0982282416896722,,,,-0.7243620487471913,,-1.5859969275310004,-0.7313567020197753,,,0.020043185109303557,5.525901457925756,-28.34858629309059,0.589951443659336,,-7.171158405870012,,4.222573129972405,-3.6658917488579115,-34.59012932573692,-23.36834589425095,0.4232669726363427,,7.582612648204446,-2.8967454431705475,,,1.3288877659590388
2024-04-03,-1.9086239789414345,-6.3381129719931755,,,,33.333089320839136,,1.0242089239364867,-0.5884275477120952,,,0.8303485177308669,-7.501008852993831,34.552855703809605,-2.772889776813828,,6.379970217641814,,-2.5649855779212474,-1.7205750941157647,-0.9220641958478182,-6.0597707889612344,-4.8054411125365,,-1.8865691679052086,-0.05003912277474608,,,22.005515705648584
2024-04-12,1.7210706558126532,1.8872257495400293,,,,-0.9510793687915932,,-42.65467593189154,-12.66437292672266,,,-1.1962156990342505,2.3016162583081985,20.43558625087102,-0.0860614374086919,,4.745885848956579,,-2.2084005466163203,-27.472813016872774,24.65346063157001,-9.921338212573175,-1.3891966103018067,,-0.19840101255507553,-20.75314339916523,,,19.322918669504602
2024-04-19,0.5625581096520769,11.570088186300126,,,,-9.505384602494926,,-8.739297604402267,71.17036689558672,,,-0.11116299212030616,-4.376091756849804,0.42858821535208663,-1.3222105985726715,,-2.7090087052679652,,-0.12598069572039491,-5.413583489387358,-4.578749456571421,-11.526704577254073,-20.326061533903154,,1.9850067002628493,0.3998907576874742,,,-21.097143509308022
2024-04-26,1.4281519918054655,-0.721310698125993,,,,-22.13448458096427,,-16.85302200528176,-11.712663876650042,,,-2.4602069722305093,6.300583975043927,47.46441434499222,0.5139532373462377,,-1.3768851111972344,,1.1388542839105096,-11.88519725127982,0.5408066373526235,-4.151083648315695,0.9252646776215299,,8.473636357021205,-16.93844984846711,,,-3.775720626594971
2024-04-30,20.719301777589802,-3.630614489384169,,,,-0.2660576485325238,,-4.714273314764146,-6.051418133749247,,,-0.00022008100722464223,25.850814704271365,-36.460893647813066,-2.989509792866632,,-26.83296389013813,,0.5406910117890247,-3.538073890191002,10.323275498485511,-3.436044208304543,-10.829369567819516,,-34.876464292897076,0.01516657707268862,,,-7.930708116563849
2024-05-10,3.7414902543976827,2.2277499817476563,,,,-3.519334355911333,,13.713004078553915,-19.44851425454198,,,0.9390181209346187,12.04517305371684,-10.020126392854749,-0.08358721571115049,,-9.7235581809983,,-0.06068751541968524,-12.499115148662142,15.567935807444773,-15.320775654210225,-3.4715631232036377,,1.4970866786953447,-4.217859093205385,,,1.6122498749092298
2024-05-17,-12.386556440890155,-1.8557712804565858,,,,-0.12187713160929046,,30.757677399753867,5.817726474646239,,,0.9298371615670297,-0.6019095103920051,0.4416287999628902,-0.0785225613527952,,-19.711658573066174,,-1.1099116998527638,-0.9518931961961141,23.85103891962197,-5.262176286159923,-23.284397142632205,,4.3013496861227765,-7.745937166350013,,,22.886425853836187
2024-05-24,-13.29695413974494,-5.041177846957352,,,,-0.014507044858913076,,-62.11864902690643,-24.77386348946762,,,-1.2775748856665954,3.5064186967797784,3.6144666825804572,-0.8395444893907584,,-6.66008393750021,,1.6308335083013517,-4.224361757672446,-14.813121934943698,-29.516528417726978,2.4986875946483185,,12.250044537308977,-0.9565275131284982,,,11.436191163430284
2024-05-31,11.18824064588034,18.007785708550994,,,,-6.333010876889118,,7.540535727150824,-1.0282131978566917,,,-0.001353219098907175,0.7345503424529802,-13.132014599246645,-0.7727761591319444,,-5.66226538769703,,-0.1516837132822884,-0.6844242968141875,-40.62607763784459,11.224425951821928,4.480621465209469,,-0.4357160107319845,-6.198453086050173,,,16.227529536739418
2024-06-07,-1.922553164173776,0.8119773558252229,,,,-5.96944488408697,,-48.421113751289354,-11.736650343834285,,,-0.04101717342853007,-1.9335865281477682,-6.114513511439883,0.44147440042257813,,-4.302862042801441,,5.171394655332974,28.157222177867716,-50.80826152213532,-2.3051661318703767,-4.500779031377077,,0.33256929031517257,-1.4435902145445954,,,-22.5665020471892
2024-06-14,-9.843100098525916,0.5792821938301156,,,,-3.1454296951346583,,3.4044248990210475,-0.7494961820595211,,,-2.4750769788317593,0.9406355861871754,2.6444805641048,-1.0001723595895369,,5.019958050342604,,-4.853411875617093,-4.313665469514781,1.4822097961937708,8.139081815244696,0.9770381795155408,,14.318647586680639,-6.6042184931045425,,,0.10468706929007526
2024-06-21,-3.5802441323308134,11.767085086728956,,,,-3.6398088618301916,,-4.498392807237782,-5.4793670392408265,,,1.0005298712338015,-1.748699081662241,22.930798060072515,-0.08933939223957077,,-11.761504149418396,,1.9684131405137602,-6.994567996027849,19.405718059321664,2.365076083621015,-1.3613194562506368,,1.593980359268694,-7.788315273499578,,,6.485432282303761
2024-06-30,-4.989663184200287,1.1763015099849896,,,,-6.839495560206091,,2.0437155384850363,-5.52938117471615,,,-2.757516063146256,-0.9060141892282163,-0.39608657931785274,-0.08116034047761334,,-11.277001211751653,,-0.015676882293523237,-3.005226205313517,15.519970283814887,5.440214781087342,9.024263300894148,,-2.7086767887115712,0.9058694976811026,,,0.6852313253263743
2024-07-05,2.7833513894256687,-2.869742392799359,,,,-1.0646058339602344,,-52.0735980251066,-8.759640486290158,,,-0.057273432206723505,1.2709324526982226,-51.90119228607447,-3.006127775818458,,32.05397457246956,,0.0495868212292995,-0.916474834482226,-0.3997125115688789,0.0898376967369382,-0.5630774146447718,,52.268920050545574,-3.2227831320831375,,,2.730158689761013
2024-07-12,-10.142192101342275,-0.7074135747908266,,,,-14.078088943556088,,65.4612123772257,-2.568544581885252,,,-1.279224822239773,-1.180297197560755,-45.280750523428665,-0.07390174902498836,,-10.686905465198167,,2.6406373671391643,-25.580393421449322,-0.5163034159439555,-12.49129294156079,-0.5121458488108483,,-3.4041480965851347,3.3129949543475368,,,1.7039239984076655
2024-07-19,-11.52118315761269,6.068224237608078,,,,-0.030733388712487826,,-1.8462873028820308,-27.72398022794716,,,-0.012038710456212583,-3.7507861893705914,-0.5563095203371418,-2.89810767745737,,-4.1686171730310875,,2.1211504479484744,-0.9069287863173985,15.034600822948395,-33.33164507963143,-0.5872792378939053,,-6.762978772152723,0.014175757660617919,,,3.22338230988068
2024-07-26,-5.061771024009676,-0.15165915726818605,,,,-1.4863494272380233,,-3.183716997718037,-17.372829438246285,,,0.9932236851154619,9.393274708901261,0.23935519813112982,-0.7021739222376494,,-9.03285532612151,,-1.5879693979066314,-5.936092680154175,-7.631265647086326,11.793043758745954,-0.7813832001281262,,-0.022157070467792694,-1.1371687505750148,,,-1.0023680538854136
2024-08-02,27.235708024676214,-2.7678252562108345,,,,-2.9505204490443755,,25.796803929404803,-6.161048056750879,,,-2.745843355855181,-1.8083315614075977,0.4199224388681492,0.3544052639387294,,-5.262505790773428,,-0.50594258691663,33.791705501232094,8.482211209053574,-9.899026032063746,-7.468469991222702,,-35.30705287404162,7.163069913871089,,,10.144608497234609
2024-08-09,-4.963476671344717,-5.4858604157639705,,,,0.19445633884378966,,-7.587958998327934,-9.748979132463102,,,-0.01117967110392726,0.15601530063397745,22.797756953971387,-0.08398645289873026,,8.118519456577696,,0.38617152816203426,-0.3212678287133127,-42.48983940163346,-17.67853815685253,-7.756217192672221,,6.21750760168338,-0.9468738278270705,,,14.777802207711433
2024-08-16,-3.109919382702091,4.735625097191823,,,,-0.08607236631628028,,-61.27336286194989,-4.856643868624702,,,-0.0741303002830825,-1.5096916062361985,24.643919423938545,-0.6518958564115829,,-3.5926361935047586,,-0.6191238971970613,-0.11400307397523417,-37.87099009224142,-7.14834212025799,-0.3560701464391057,,-5.062125142431252,0.7966585747931832,,,23.805885494484116
2024-08-23,-0.3650575667143716,2.616162411871711,,,,-1.1158370399632376,,33.00045785748472,0.39373597380289094,,,-1.2732796949473644,-5.986869529626205,-45.831451898469204,-0.06969766020913074,,-1.8573901588863944,,-10.140160310619871,-3.561664828686022,-52.77877854672093,78.78878276580743,0.17544049916583998,,-0.1223233288020753,2.5946031582058255,,,-10.81351122351033
2024-08-30,12.604044400505206,2.6975096777342173,,,,-0.11378225911989891,,-12.387477638098161,-7.496351987147985,,,1.0286022976570124,-11.321312480980312,5.404872786691599,-0.8239839844478183,,8.689925839600726,,-0.026124647306342737,-6.555811222727975,29.778883148410877,-5.338657501625792,,,-0.9514812534028808,-0.10415074772724825,,,-27.82413377808806
2024-09-06,7.8038452302668215,-1.3268502893439962,,,,-3.6957993961610094,,-9.279598817089433,-2.6531850679261972,,,-0.013605870597607646,-7.590961836436891,-7.467147803343997,-0.06926227458702479,,-21.676780409029227,,0.9250056709137147,-1.2735404482891977,3.6976627644394435,-15.292102181966154,,,0.9670452789924839,-10.117949059644387,,,0.8065419215201973
2024-09-13,4.03069573573166,-0.13004323414567143,,,,2.024801382955995,,-51.42525364150386,-10.540842941062246,,,-1.3175386794309811,-7.468115790934034,2.1512362855308966,0.3051567241281967,,-6.8169043978474075,,-2.6916329647901773,-0.24569859763635815,11.79631924213515,-42.557745850120384,,,6.900584501317209,0.6961101397557398,,,23.446535170001653
2024-09-20,-12.912672417556077,1.04196574365267,,,,-3.166973224482734,,1.2010388265741285,-32.936973205143175,,,-2.778605342579963,-6.525102314508443,51.46773225425208,-0.3970795666939606,,-3.8448134158398437,,-1.0833798404582633,-0.5550869395491319,1.6446528685991355,-42.67616242128783,,,-0.8131459985374445,-0.5715314881575558,,,-27.800358929079536
2024-09-27,15.388268576955332,-1.0683171069678794,,,,-6.259135398468885,,-24.542517889844714,-2.091392267896724,,,-0.075931393084982,3.6750962167317134,-7.371539037042613,-2.9956725626899057,,-10.019165506928577,-0.11444743575033223,-2.6580365906821837,-14.220739983015163,-24.115939913811193,-15.84171595286496,0.0,-0.06053344509625003,-0.13322486804136108,0.5624761063032254,,,8.263088360655654
2024-09-30,0.2629777752634285,-4.808619672452586,,,,-1.076381258586688,,0.6674451913836955,-12.669107928067502,,,-1.1202004902782845,8.078491624013271,-9.515169523034473,-0.0878501471781826,,-10.754261020220785,7.546088524682255,-1.125524889639728,-9.202542924582623,-32.5888197629851,30.409971951346765,-0.3937683206373568,0.6000152591940786,-3.4660229026641796,8.88317102423762,,,2.5892641943458434
2024-10-11,-1.1735510742330622,11.853434407421387,,,,-11.828496158244867,,-45.852840329394844,-6.145587188045874,,,-2.6324497267885936,-3.3491688772356962,3.1473528195753486,-0.8951336416341362,,-16.605044335112417,0.7811646015974903,0.03170277602519467,-7.678575744875674,-43.1051057448757,-5.932496174968334,-0.26698084025780777,-0.06603586041136511,45.20012095685171,-2.3880297071143044,,,7.543515337730428
2024-10-18,-3.4996364831652063,1.5319223509220605,,,,-1.2912174479384948,,-11.191742235590375,-11.582854283613148,,,0.9615668845815416,2.832022298205421,-3.532730920101077,0.5081593998204728,,5.251881319927276,7.600706240356222,-0.30403350188733835,-6.840405749168705,-0.7628002800577303,-2.4356258511318813,0.2830140709122187,-0.4683546235869811,-4.978772620280859,6.87862539124676,,,-10.029076195469615
2024-10-25,-8.495947048234768,7.532237921610549,,,,-0.1018408882397279,,14.173630032016,71.52110926370808,,,-0.015005079781991011,-3.179088231575689,-23.966108807956793,-3.179521081264194,,0.20915904080583442,0.5851531143887508,-6.874150060478614,-1.7910327355204492,-54.11467773365159,-19.799235473050814,-0.2221871708038964,-0.5317760874994413,3.238938348419414,-5.418868474399539,,,12.921878570384404
2024-11-01,-11.455474450557121,3.1258740713259847,,,,-1.0984070539844917,,46.779379712813515,-3.567282795837321,,,-0.06156219667449735,-8.261492756748558,0.1745409222083758,-0.08068772035815461,,8.9071764417638,0.19085862873291953,0.06168157874354546,-8.813801400512752,1.6708737809944192,-10.05360830380113,0.15702454001516986,0.5267626319309829,1.3752664932264729,-2.473680947665739,,,0.17273265844370933
2024-11-08,-11.163009617237616,-1.2372689863095128,,,,-0.22087511152378475,,30.70248246466695,-25.322057408002948,,,-0.5567292567154776,-0.41450143050264643,-0.25209064932987735,-1.2061097627244928,,-5.472522451454826,11.44662146226613,-7.373119292862565,-14.03384625229696,27.695971551281588,-7.061084161473176,-0.06312352293457757,-0.029872355529957817,7.42831890894984,-2.1601956694422157,,,0.8931477135263276
2024-11-15,35.981532805183065,-17.737148826220967,,,,-0.9497296036875627,,14.574129763524887,-24.082825569154043,,,-2.888890274619087,0.4138857356976454,19.732664452546125,-0.08203031061672444,,7.8578600037041815,0.05065517522078018,0.9179120983277219,-15.824527058322515,21.462600225421387,0.6464969411828005,-0.31985295311573525,0.6913238267142702,0.6722937103495535,-0.4505474718169715,,,7.238294016912639
2024-11-22,-1.6021191821091674,-1.1245092488249369,,,,-5.044249235316315,,8.301997395610195,-6.499367716453767,,,0.9327875279033708,-0.2006822788849414,15.08426716529986,-0.11706568227775235,,-4.218195555581549,-0.11607347794149314,-1.4594954493637295,-12.327936645014786,-57.16590470317493,-5.656265030701761,0.48048655710907623,-0.32910477155812223,7.734552984622314,-0.20566892659014374,,,6.589716832581324
2024-11-29,-22.880855548252654,1.240593678148361,,,,-0.12020298674378378,,-57.511753299237526,-12.876922041420375,,,-0.02082953930837665,1.5479780708805184,-0.3076478816809109,-1.0780057169283794,,-7.975033081032658,-5.67403486448503,22.77256485975365,-17.595973937092353,9.512196269362239,-4.952518714446452,-0.5399704764136435,-0.15864552371802376,-2.182509777199166,5.489475973240042,,,7.231249044981744
2024-12-06,4.3698071582040345,4.23914043015449,,,,-0.8852408469473911,,-0.5355631464526267,-0.5496695819987218,,,-0.053895474206272165,-0.8075026044094206,-33.35677745601673,0.8497985665556307,,-10.92067391556747,8.221861151990847,-1.3007266754625861,-18.554866900155684,1.1211464795082835,-0.1688316144118002,-0.25293804905140405,-0.17816711571484034,-3.5947640777569276,-0.6689549417147677,,,-29.480329644803717
2024-12-13,-0.24199864562611934,-0.27720307312815967,,,,-0.038636847619575934,,-3.0238852441561535,-6.505519951899163,,,-0.05055881387672391,1.1449700779103642,-22.048715097290703,-3.468901193951898,,47.61721368910493,0.1907379366560075,1.118561013072252,-12.474515116156116,-22.62848266485207,28.867783776355374,0.7029550409815937,0.6692646460288838,1.3913808348809464,1.3011394504981315,,,26.55360596850499
2024-12-20,-1.6169997227836137,3.797182836939348,,,,-9.709521615056362,,2.579090726377852,-6.607808857030384,,,-0.5713825187750129,-0.7906861061038167,52.49987215539135,-2.52884190138647,,-13.626732142456287,0.5647536537364294,1.1265178872907549,-10.412656247982337,-6.417346786196314,-1.4193195503816867,-0.8235135085412484,-0.2598009245801056,-5.620000892948534,7.319818347350984,,,-10.30991537249352
2024-12-27,-2.8772523984187046,-9.126919285022934,,,,-0.9955662886875055,,-1.7880222525493081,68.76019283980642,,,0.9371739021137255,0.837419636902188,4.2640261358245155,-3.92145367086085,,15.64152730540412,-0.13960950640313896,-0.13926958010625134,0.39252576735684463,-10.178024735582476,-16.363864509552258,0.9730365543896672,-0.16627845034574784,-5.5017984792054,3.5545680769094825,,,0.1774244868323131
