TradingDay,TMT,一带一路,传媒,农业综合,医药,医药医疗,国企改革,国央企综合,国防军工,基础化工,央企创新,家用电器,房地产,有色,机械设备,汽车,电力,电子,绿色/ESG,计算机,通信,金融综合,钢铁煤炭,银行,非银,食品饮料
2015-09-11,0.05099801483236188,,,,,,,,,,,,,,,,,,,,,,,,,
2015-09-18,-0.10886745120779522,,,,0.00889551795745069,,,,,,,,,,,,,,,,,,,,,
2015-09-25,-0.007096596622096334,,,,0.006112396714433759,,,,,,,,,,,,,,,,,,,,,
2015-09-30,-0.09012286728217632,,,,0.03023299583248496,,,,,,,,,,,,,,,,,,,,,
2015-10-09,-0.0057597343433856965,,,,-0.0008426543307264098,,,,,,,,,,,,,,,,,,,,,
2015-10-16,-0.30287420949094745,,,,0.10954836447417607,,,,,,,,,,,,,,,,,,,,,
2015-10-23,-0.0301403921327848,,,,0.2806797604577783,,,,,,,,,,,,,,,,,,,,,
2015-10-30,0.13537536747383128,,,,0.1278936972509296,,,,,,,,,,,,,,,,,,,,,
2015-11-06,-0.009333338224348058,,,,0.03803950195978561,,,,,,,,,,,,,,,,,,,,,
2015-11-13,0.19465665913540486,,,,-0.0010073147771248422,,,,,,,,,,,,,,,,,,,,,
2015-11-20,-0.035118524946120354,,,,-0.013839937736920533,,,,,,,,,,,,,,,,,,,,,
2015-11-27,-0.008057303014432532,,,,-0.008810047455388657,,,,,,,,,,,,,,,,,,,,,
2015-12-04,-0.08593335578981344,,,,0.36231787343678074,,,,,,,,,,,,,,,,,,,,,
2015-12-11,-0.010592752405655253,,,,-0.002152338681202931,-0.017589824772342638,,,,,,,,,,,,,,,,,,,,
2015-12-18,-0.19278404909575425,,,,-0.9180221350389435,-0.03024133047831789,,,,,,,,,,,,,,,,,,,,
2015-12-25,-0.004421324904713316,,,,0.4735707962707195,-0.025733803821121445,,,,,,,,,,,,,,,,,,,,
2015-12-31,-0.41082233308475197,,,,-0.00041307327702029756,-0.0006971608831691506,,,,,,,,,,,,,,,,,,,,
2016-01-08,0.04458998549074347,,,,0.019296037026416236,-0.0017433476325838747,,,,,,,,,,,,,,,,,,,,
2016-01-15,0.0001488652824772774,,,,-0.0005708827518122875,-0.2463710950269376,,,,,,,,,,,,,,,,,,,,
2016-01-22,0.5138650228476787,,,,-0.019344160864930217,0.010470985420716655,,,,,,,,,,,,,,,,,,,,
2016-01-29,0.0074760391540720315,,,,-0.0030579038342265106,-0.46733683282043653,,,,,,,,,,,,,,,,,,,,
2016-02-05,0.0017328360052084877,,,,-0.0009807328651130405,0.001038748495495336,,,,,,,,,,,,,,,,,,,,
2016-02-19,0.004716596305315727,,,,-0.0006048429958215204,0.3884715074030525,,,,,,,,,,,,,,,,,,,,
2016-02-26,-0.05922994779519984,,,,-0.020782766508822176,0.023759850607634154,,,,,,,,,,,,,,,,,,,,
2016-03-04,-0.058871159931549094,,,,0.980261487986248,0.0003575358685699083,,,,,,,,,,,,,,,,,,,,
2016-03-11,0.0007987256465180052,,,,0.032700397641365966,-0.07080435297177826,,,,,,,,,,,,,,,,,,,,
2016-03-18,0.033320398052170255,,,,-0.004583721738414942,0.0018252622784856339,,,,,,,,,,,,,,,,,,,,
2016-03-25,0.0004380755781794799,,,,-0.0021045893622661347,-0.012891823575509507,,,,,,,,,,,,,,,,,,,,
2016-04-01,0.04184791713748615,,,,,,,,,,,,,,,,,,,,,,,,,
2016-04-08,0.0036478207013067874,,,,,,,,,,,,,,,,,,,,,,,,,
2016-04-15,-0.029973160179783687,,,,,,,,,,,,,,,,,,,,,,,,,
2016-04-22,0.07793089745451376,,,,,,,,,,,,,,,,,,,,,,,,,
2016-04-29,0.0010750059799450587,,,,,,,,,,,,,,,,,,,,,,,,,
2016-05-06,0.0005888063183122601,,,,,,,,,,,,,,,,,,,,,,,,,
2016-05-13,-0.04726087028494724,,,,,,,,,,,,,,,,,,,,,,,,,0.0045667881465158875
2016-05-20,0.0875735479945675,,,,,,,,,,,,,,,,,,,,,,,,,0.00032805208731804034
2016-05-27,0.18377266723839278,,,,,,,,,,,,,,,,,,,,,,,,,0.00014375013499073625
2016-06-03,0.12687541173561875,,,,,,,,,,,,,,,,,,,,,,,,,0.009275184036259574
2016-06-08,0.05142532932142408,,,,,,,,,,,,,,,,,,,,,,,,,-1.2747287528361888
2016-06-17,-0.06877323225079263,,,,,,,,,,,,,,,,,,,,,,,,,0.6326466314921116
2016-06-24,-0.0609486328592978,,,,,,,,,,,,,,,,,,,,,,,,,0.09470582083695789
2016-07-01,-0.09985283142322399,,,,,,,,,,,,,,,,,,,,,,,,,0.019641558210934114
2016-07-08,0.22134397817231166,,,,,,,,,,,,,,,,,,,,,,,,,0.03349353269156113
2016-07-15,-0.0047828312105142375,,,,,,,,,,,,,,,,,,,,,,,,,0.0038347696394950737
2016-07-22,-0.19861302679311843,,,,,,,,,,,,,,,,,,,,,,,,,0.0040854066391839
2016-07-29,0.030648921326420345,,,,,,,,,,,,,,,,,,,,,,,,,1.0380400319763439
2016-08-05,-0.0753072334556363,,,,,,,,,,,,,,,,,,,,,,,,,0.013726373430236902
2016-08-12,0.07611108278072583,,,,,,,,,,,,,,,,,,,,,,,,,-0.0007857812906849372
2016-08-19,-0.011972420406902327,,,,,,,,,,,,,,,,,,,,,,,,,-0.0008516251638311446
2016-08-26,-0.018461061399422468,,,,,,,,,,,,,,,,,,,,,,,,,-0.0036124382242677675
2016-09-02,-0.08208789731416863,,,,,,,,,,,,,,,,,,,,,,,,,-0.00011302745306207734
2016-09-09,-0.019805780685328914,,,,,,,,,,,,,,,,,,,,,,,,,-0.00010671128148379679
2016-09-14,-0.027058959582780928,,,,,,,,,,,,,,,,,,,,,,,,,-0.00024947355467120713
2016-09-23,0.16707077379772797,,,,,,,,,,,,,,,,,,,,,,,,,-0.00842996287480679
2016-09-30,0.0013571102422092213,,,,,,,,,,,,,,,,,,,,,,,,,-0.0005308345929546862
2016-10-14,0.02485252981580979,,,,,,,,,,,,,,,,,,,,,,,,,0.006062954740602866
2016-10-21,0.3015632114340302,,,,,,,,,,,,,,,,,,,,,,,,,0.03467214358700493
2016-10-28,0.034656504687431915,,,,,,,,,,,,,,,,,,,,,,,,,-0.023606184786307702
2016-11-04,0.18951667652357512,,,,,,,,,,,,,,,,,,,,,,,,,-0.008483436440618615
2016-11-11,0.27555606899315455,,,,,,,,,,,,,,,,,,,,,,,,,0.009161218660049517
2016-11-18,0.005749149786858189,,,,,,,,,,,,,,,,,,,,,,,,,0.04833519073289172
2016-11-25,-0.039696256770769614,,,,,,,,,,,,,,,,,,,,,,,,,-0.0002070472756531162
2016-12-02,0.0006694194531489802,,,,,,,,,,,,,,,,,,,,,,,,,-0.0011299697944122983
2016-12-09,0.17460260718809642,,,,,,,,,,,,,,,,,,,,,-0.11251371124621277,,,,-0.0014499960839333445
2016-12-16,0.07660664200788701,,,,,,,,,,,,,,,,,,,,,-0.529101707599312,,,,-0.22922100189616618
2016-12-23,-0.004061316564938655,,,,,,,,,,,,,,,,,,,,,-0.6062286292360887,,,,0.07915204907704937
2016-12-31,0.014750358757275577,,,,,,,,,,,,,,,,,,,,,-0.4212130080038917,,,,0.0009122051816101539
2017-01-06,-0.09341761028229871,,,,,,,,,,,,,,,,,,,,,0.12505394537289263,,,,0.006359357446543396
2017-01-13,-0.007582866676582437,,,,,,,,,,,,,,,,,,,,,0.1381274344300572,,,,0.002379492526344959
2017-01-20,-0.027631325793535177,,,,,,,,,,,,,,,,,,,,,0.2181771297743726,,,,0.005137195107037787
2017-01-26,-0.42597780806104685,,,,,,,,,,,,,,,,,,,,,0.18188836657899032,,,,0.1295011264279629
2017-02-03,0.2564656419010569,,,,,,,,,,,,,,,,,,,,,-0.031146322064907795,,,,0.07593887232314053
2017-02-10,0.19154873101157419,,,,,,,,,,,,,,,,,,,,,-0.046098443059163,,,,0.05336822058557446
2017-02-17,0.11990578431046565,,,,,,,,,,,,,,,,,,,,,0.0224026955468126,,,,0.02966414111905171
2017-02-24,0.008449304806312797,,,,,,,,,,,,,,,,,,,,,0.40690020400670684,,,,0.11389526459298599
2017-03-03,-0.21886106653993934,,,,,,,,,,,,,,,,,,,,,0.14120088374375392,,,,-0.36399940911728
2017-03-10,-0.05136309096466007,,,,,,,,,,,,,,,,,,,,,0.16633103458865656,,,,-0.02989315155427747
2017-03-17,0.5037612389160385,,,,,,,,,,,,,,,,,,,,,-0.3678010356240909,,,,0.04576524356584875
2017-03-24,-0.029387877789488426,,,,,,,,,,,,,,,,,,,,,0.06952568933102041,,,,0.19014538956726806
2017-03-31,0.0374649402517537,,,,,,,,,,,,,,,,,,,,,0.04066951457935833,,,,0.363886997548631
2017-04-07,-0.007217995001202824,,,,,,,,,,,,,,,,,,,,,-0.016026465785453956,,,,0.0016955514135708553
2017-04-14,0.37187511822205516,,,,,,,,,,,,,,,,,,,,,0.015190051799656936,,,,0.1899420203280401
2017-04-21,-0.01683336481114406,,,,,,,,,,,,,,,,,,,,,0.20481825407043072,,,,-0.023457643929676964
2017-04-28,-0.20540555756343332,,,,,,,,,,,,,,,,,,,,,0.012050838433181098,,,,0.016568352046888973
2017-05-05,-1.5343090708924167,,,,,,,,,,,,,,,,,,,,,0.43273446558226036,,,,-0.004103047404048093
2017-05-12,-0.026219976438693067,,,,,,,,,,,,,,,,,,,,,0.11974922579839092,,,,-0.04224972084782269
2017-05-19,-0.17192870568490293,,,,,,,0.03090056649665223,,,,,,,,,,,,,,-0.008443940969317172,,,,0.04611737938862618
2017-05-26,-0.02518969018849102,,,,,,,-0.0011188808860186708,,,,,,,,,,,,,,-0.12892831782137681,,,,-0.004500797602761768
2017-06-02,0.7913198038721432,,,,,,,0.21745770489308003,,,,,,,,,,,,,,0.0810969991827571,,,,0.0117270218393382
2017-06-09,-0.004515925884021351,,,,,,,0.14560365604234704,,,,,,,,,,,,,,0.030007240517047555,,,,0.19995037997993234
2017-06-16,0.611942320244484,,,,,,,0.011429711330915736,,,,,,,,,,,,,,0.6833065121082853,,,,0.14629652792297243
2017-06-23,-0.37676430629959173,,,,,,,0.01164606986179858,,,,,,,,,,,,,,0.02812888874704668,,,,0.04234672643466099
2017-06-30,-0.37172058797679264,,,,,,,0.047179593430128466,,,,,,,,,,,,,,0.09782048511033521,,,,0.3136806744686573
2017-07-07,0.251686007271698,,,,,,,-0.34584996103201043,,,,,,,,,,,,,,0.19454039983033847,,,,0.02810847307457095
2017-07-14,-0.025947963485426953,,,,,,,0.0023241828015675837,,,,,,,,,,,,,,-0.028862400541908896,,,,-0.029542595028802104
2017-07-21,-0.009496479421658037,,,,,,,-0.5432395842537858,,,,,,,,,,,,,,1.0408226489455379,,,,-0.0008434798165994024
2017-07-28,0.5792809633851789,,,,,,,0.06299986580570045,,,,,,,,,,,,,,-2.0498170173439894,,,,-0.1439265714794363
2017-08-04,-0.05417160517124586,,,,,,,-0.0034385492902869923,,,,,,,,,,,,,,0.017909834086701312,,,,0.7843269759389829
2017-08-11,-2.014705410971209,,,,,,,0.15797819309371391,,,,,,,,,,,,,,0.1350627312293596,,,,-0.00506621822937254
2017-08-18,0.0031609979288033116,,,,,,,0.04264487658373052,,,,,,,,,,,,,,0.23315075723208872,,,,-0.05146721701262798
2017-08-25,0.32513503487477874,,,,,,,-0.0014838676179957625,,,,,,,,,,,,,,-0.055510242219670554,,,,0.002095446334363409
2017-09-01,0.06466613616473203,,,,,,,-0.058359188930719307,,,,,,,,,,,,,,0.24895712054994595,,,,-0.006325356369635139
2017-09-08,0.6616452151736726,,,,,,,0.1168852235322752,,,,,,,,,,,,,,0.03355912008062632,,,,0.002367199105727329
2017-09-15,0.06861194119584138,,,,,,,-0.9814887619249356,,,,,,,,,,,,,,0.6294376841957959,,,,0.016788883854397592
2017-09-22,0.5072571239324574,,,,,,,0.024259948935862585,,,,,,,,,,,,,,0.1620974539599183,,,,-0.07673858436697613
2017-09-30,0.32874729584880946,,,,,,,0.07506925849051745,,,,,,,,,,,,,,0.8399844899141861,,,,-0.010228408729425386
2017-10-13,0.11481341543401062,,,,,,,-0.042900529010457,,,,,,,,,,,,,,-0.025640724595078455,,,,-0.0375696942250327
2017-10-20,0.004092268308189011,,,,,,,-0.0023470279722747436,,,,,,,,,,,,,,-0.08222350325929638,,,,0.006894552146331029
2017-10-27,0.08606166402756381,,,,,,,-0.005539145649131534,,,,,,,,,,,,,,-0.025909923336818713,,,,-0.0035004031570219788
2017-11-03,0.002287297465128706,,,,,,,-0.05053541847791114,,,,,,,,,,,,,,0.43190497582878074,,,,-0.03866472068059052
2017-11-10,0.3115392289256333,,,,,,,-0.012261558715058211,,,,,,,,,,,,,,-0.25975499405454017,,,,0.0008042083536430902
2017-11-17,0.10121704579713589,,,,,,,-0.12259706128366243,,,,,,,,,,,,,,0.025425283364451854,,,,0.005052097327842969
2017-11-24,0.025669592654695192,,,,,,,-0.023347686855802165,,,,,,,,,,,,,,-0.13038156570158568,,,,0.00015062843486161886
2017-12-01,0.009778187274780173,,,,,,,0.710381628028801,,,,,,,,,,,,,,-0.3834992942022777,,,,-0.013057172582253532
2017-12-08,0.37852704632864287,,,,,,,-0.01077005378945158,,,,,,,,,,,,,,-0.09792131915419745,,,,0.0005961593430054706
2017-12-15,0.02813957610755592,,,,,,,0.010164185856675003,,,,,,,,,,0.7243728324417438,,,,-0.03295017628480199,,,,0.02259324593514175
2017-12-22,-0.09726884526545977,,,,,,,-0.015435525228333217,,,,,,,,,,0.26945979664258407,,,,-0.010505188462845025,,,,-0.08642052107153711
2017-12-31,-0.005491762452678829,,,,,,,-0.45781457641411244,,,,,,,,,,-0.28831044068467676,,,,-0.035175858320113926,,,,0.09384767764098985
2018-01-05,0.0024206576840155106,,,,,,,-0.15229973362000543,,,,,,,,,,-0.021161129016461673,,,,0.10443283741995679,,,,0.0013666681997105518
2018-01-12,-0.10959483201569,,,,,,,-0.5620599266062385,,,,,,,,,,0.44320460570508363,,,,0.11873317478925635,,,,-0.018672058367100758
2018-01-19,-0.011821311291381278,,,,,,,-0.0227768495300735,,,,,,,,,,0.10437403360481043,,,,-0.17717347873014666,,,,-0.013182468746915562
2018-01-26,0.052901336110690866,,,,,,,-0.7133558988193389,,,,,,,,,,-0.028346110346231496,,,,0.06752029770673222,,,,0.025290594702505366
2018-02-02,0.06051067975873161,,,,,,,2.260293077338041,,,,,,,,,,-0.08595665132603708,,,,-0.12504641878243866,,,,0.14605018643376733
2018-02-09,-0.06703075954576665,,,,,,,-0.09234622403149342,,,,,,,,,,0.02448792075080506,,,,0.12547168288256622,,,,0.07164702042621278
2018-02-14,-0.7118150622317734,,,,,,,-0.10205668749311284,,,,,,,,,,-0.0036764499049526333,,,,0.017200512393058257,,,,-0.04491127052958291
2018-02-23,0.5305185412256745,,,,,,,-0.031107086436781218,,,,,,,,,,-0.004270420596360422,,,,0.8218134438297111,,,,-0.03794064265889967
2018-03-02,-0.026938344562110944,,,,,,,-0.2643564045708076,,,,,,,,,,-0.08214830230626341,,,,0.4493819481368447,,,,-0.00014928497600319356
2018-03-09,-0.36198395607685696,,,,,,,-0.008488729872996112,,,,,,,,,,-0.0028082984164032186,,,,-0.22599444477935068,,,,0.019214921930955968
2018-03-16,-0.5568895666696323,,,,,,,-0.3223478803659938,,,,,,,,,,0.14525619779712787,,,,0.4251222863294467,,,,-0.020339000924583593
2018-03-23,0.010913045256761511,,,,,,,-0.3546188301628288,,,,,,,,,,-0.04388378489570968,,,,-0.4217187824141907,,,,-0.0005573926574014155
2018-03-31,-0.021186183196243512,,,,,,,-0.11078196388877627,,,,,,,,,,-0.011207106827816386,,,,0.9947683347062578,,,,0.05093495360224431
2018-04-04,-0.08869295911958382,,,,,,,-0.0034523048585037236,,,,,,,,,,0.11017565250865773,,,,0.603745984122802,,,,0.02109207138576174
2018-04-13,-0.023687772764556952,,,,,,,0.008127426265865954,,,,,,,,,,0.4504164518502986,,,,-0.13057598766992015,,,,0.009013036687802517
2018-04-20,-0.07158032317736143,,,,,,,-0.36021028226721163,,,,,,,,,,0.5396350057851169,,,,-0.014192123750303542,,,,-0.8927227455437285
2018-04-27,-0.19647348127452333,,,,,,,-0.0564861488635078,,,,,,,,,,0.006865640850623353,,,,0.04857845775148811,,,,1.1538219863135786
2018-05-04,0.21224627635278054,,,,,,,-0.34304912119260045,,,,,,,,,,-0.4000285380705444,,,,-0.6839405828097742,,,,0.5550653099592711
2018-05-11,-0.41028298078136866,,,,,,,-0.1849528223765355,,,,,,,,,,-0.07141882441233403,,,,-0.031017872978277412,,,,0.046296643677759305
2018-05-18,-0.031372624205565226,,,,,-0.02412874270393108,,-1.9643370150168822,,,,,,,,,,0.5010151450511946,,,,-0.05271323300359057,,,,0.000702286767243887
2018-05-25,0.3487311441046579,,,,,-0.1717034938330929,,0.0143180417338005,,,,,,,,,,0.08333033743007082,,,,-0.10212007001156369,,,,0.00013446944912910822
2018-06-01,0.00887492386042213,,,,,0.30482498851682716,,-0.15606721625498418,,,,,,,,,,0.025079119192721884,,,,-0.4011855086515862,,,,0.024262555763247116
2018-06-08,-0.04676288663869367,,,,,0.4170724383182859,,-0.008127004186776062,,,,,,,,,,0.12747711879876075,,,,0.3960923337425966,,,,-9.130098707424081e-05
2018-06-15,-0.006731610866938315,,,,,0.24115866492903515,,0.4025653823454953,,,,,,,,,,0.10592603233751371,,,,-0.31907821933738956,,,,0.01292542724810155
2018-06-22,0.11583538847526256,,,,,0.30152735722270974,,-0.007519592567297122,,,,,,,,,,0.01671931157554127,,,,0.10564732528256618,,,,-0.03538947423784793
2018-06-30,-0.008981577415342269,,,,,0.04473370554380819,,-0.04296167274862655,,,,,,,,,,-0.570390546320554,,,,0.22343683317462115,,,,0.011579235756528644
2018-07-06,-0.07191226580656687,,,,,0.008182677748798195,,0.8756807695919713,,,,,,,,,,-0.11533541333584676,,,,0.10336322632968502,,,,0.11060259718184279
2018-07-13,-0.05278105303842556,,,,,0.014275388415633247,,-0.011033315688447731,,,,,,,,,,-0.09225355111974462,,,,-0.1824732290175058,,,,0.0018771614591714314
2018-07-20,0.930211858631752,,,,,0.03887688491320739,,-0.1057679668272975,,,,,,,,,,-0.07693330206572538,,,,-0.5751680443951768,,,,0.0003325452999260958
2018-07-27,-0.7060095687226313,,,,,0.10977370062593689,,0.08450166995892869,,,,,,,,,,-0.1703598185949826,,,,-1.6546799966591639,,,,0.0016723579481050343
2018-08-03,-0.03721162247100547,,,,,0.25784562941874883,,-0.004587807046083891,,,,,,,,,,0.003069943186246739,,,,-0.40457377448097004,,,,0.028367082955577265
2018-08-10,-0.7795238896449806,,,,,0.014016978424237134,,-0.0417191694224929,,,,,,,,,,-0.6699318020369647,,,,-0.46504494122872897,,,,-0.0895718027776761
2018-08-17,-0.007775603445058509,,,,,-1.3631657984370829,,-0.48368274360857,,,,,,,,,,0.01923257870013635,,,,2.7207585339821674,,,,0.0009955148906485574
2018-08-24,-0.11329363043860471,,,,,-0.7107964716233486,,-0.1044159827780721,,,,,,,,,,0.031587343387555034,,,,4.252829437500841,,,,-0.07037271947354004
2018-08-31,0.44966386134565495,,,,,,,1.1734258704407146,,,,,,,,,,0.010759044007484515,,,,2.859438091783939,,,,0.04366640100531855
2018-09-07,-0.0169689264799255,,,,,,,-0.0015812640815378426,,,,,,,,,,-0.0680761353786457,,,,0.147764123447772,,,,0.00016609719156439657
2018-09-14,0.503772023994404,,,,,,,-0.017139009748519327,,,,,,,,,,-0.08999621448951939,,,,-0.05839751299780147,,,,-0.0167620612849872
2018-09-21,-0.49990920297540065,,,,,,,-0.4268147356194541,,,,,,,,,,-0.0033172403185686215,,,,0.40926111377781393,,,,0.007104850009808351
2018-09-30,0.012868132627232961,,,,,,,-0.4578610855298274,,,,,,,,,,0.05426660737634989,,,,-0.12913978706755067,,,,-0.009830732062278979
2018-10-12,-0.014784668082870012,,,,,,,-0.07389375532736549,,,,,,,,,,0.0024410940549976358,,,,-0.1202963340596126,,,,0.001033542831545218
2018-10-19,0.08634956533857678,,,,,,,-0.004625681683624911,,,,,,,,,,-0.03522962088708421,,,,-0.10345462229649317,,,,0.030882314852007903
2018-10-26,0.0757699512102876,,,,,,,-0.033123520969908685,,,,,,,,,,-0.08481145255303059,,,,-0.1401143679535684,,,,-0.032775387296569154
2018-11-02,1.200417010012214,,,,,,,-0.15279482295173558,,,,,,,,,,-0.020988185565122754,,,,-0.10494093718209961,,,,0.0016623699847344016
2018-11-09,0.0076070584908625866,,,,,,,-0.0331810550210054,,,,,,,,,,-0.037987836351098064,,,,-0.2806031288055533,,,,0.0009906681627300643
2018-11-16,0.004051142668444779,,,,,,,0.002508425239495158,,,,,,,,,,0.05397276106776369,,,,0.08666013907186154,,,,0.03893017097686088
2018-11-23,0.03415639307029872,,,,,,,-0.14927029543314935,,,,,,,,,,-0.03043914046822241,,,,-0.5906455922573222,,,,0.01645002135759551
2018-11-30,0.12261489472850984,,,,,,,-0.1292434278841752,,,,,,,,,,0.008200111819148129,,,,-0.15161702177624087,,,,0.00025929426766907205
2018-12-07,0.03169742338099281,,,,,,,-0.04976798776159064,,,,,,,,,,0.06386528022214444,,,,-1.385376828349015,,,,0.00974625504111134
2018-12-14,0.05440440361989711,,,,,,,-0.4791918282929241,,,,,,,,,,-0.06435196792514883,,,,-1.3714452127173784,,,,0.17134550020781508
2018-12-21,-0.2827157020800329,,,,,,,-0.35322872751967044,,,,,,,,,,-0.12317823732552081,,,,-0.20028341777241762,,,,0.08245756421586935
2018-12-28,0.04117297971880615,,,,,,,-0.01180358003016276,,,,,,,,,,-0.014122973293027738,,,,-3.989734031000443,,,,-0.13863872272150604
2019-01-04,-0.9159873730292394,,,,,,,-0.021924635951434717,,,,,,,,,,-0.008728635616041333,,,,-2.4738178049686823,,,,0.001734238743725668
2019-01-11,-0.005393820636456,,,,,,,-0.08819891597607091,,,,,,,,,,-0.36311359479742844,,,,-2.273535162609564,,,,0.00105340770300882
2019-01-18,0.11574655814624502,,,,,,,-0.46605689260590727,,,,,,,,,,-0.12587452565810653,,,,-0.21981969991927103,,,,0.000282587898593755
2019-01-25,-0.01170307327197418,,,,,,,-0.326731943597826,,,,,,,,,,-0.004331247192054687,,,,28.16002455269861,,,,-0.05674900447565746
2019-02-01,1.5039608591164353,,,,,,,1.5961090898628252,,,,,,,,,,0.09816948025442518,,,,0.1079070727294274,,,,-0.027922968780420342
2019-02-15,-0.08224253926681913,,,,,,,0.527367648653855,,,,,,,,,,-0.07561515797433896,,,,-3.0623921926201167,,,,0.011977688572350001
2019-02-22,0.037689532284605476,,,,,,,-0.1744869629391997,,,,,,,,,,0.0781409980952079,,,,-5.547464245653575,,,,-0.0001353501548380682
2019-03-01,-0.41213152260062197,,,,,,,-0.30607701698044626,,,,,,,,,,-0.17527206399300646,,,,-4.383456025819209,,,,0.011969789125989016
2019-03-08,0.005140319198799234,,,,,,,-1.0986549399031262,,,,,,,,,,0.2855949924392599,,,,0.7946651746713886,,,,-0.0008352135129363329
2019-03-15,0.021246499398442125,,,,,,,-0.048341515892444335,,,,,,,,,,0.07965650629493876,,,,-0.7943515349571951,,,,-0.0005187313513855198
2019-03-22,0.4182358329329112,,,,,,,3.3826447258637993,,,,,,,,,,0.3169629199637358,,,,-1.3128581301375741,,,,0.1387389579535519
2019-03-31,0.04684495766347056,,,,,,,-0.2613326003207116,,,,,,,,,,0.012762508188196383,,,,-1.2526129259656742,,,,-0.00026265204257875453
2019-04-04,0.02883201085354067,,,,,,,-0.01029161254565313,,,,,,,,,,0.01022850719459821,,,,-0.5833802875287479,,,,-0.0043270189836403065
2019-04-12,0.28965070494485007,,,,,,,0.0965524232791789,,,,,,,,,,0.07808263552183066,,,,0.10702715774291016,,,,-0.001576843100995033
2019-04-19,0.14039206041199614,,,,,,,-0.2106552154280677,,,,,,,,,,0.0027693321656887776,,,,-0.22296473564846647,,,,0.0688234379133749
2019-04-26,0.3515031051576615,,,,,,,-0.029307544041063505,,,,,,,,,,-0.007970631736307018,,,,-0.7130139536647343,,,,0.03680702853517583
2019-04-30,0.018712695885589915,,,,,,,2.0189921700310323,,,,,,,,,,-0.9256710522755653,,,,0.3642558892108295,,,,-0.04642581630975847
2019-05-10,0.015137070610002173,,,,,,,-0.18996495741307015,,,,,,,,,,0.02610460555607149,,,,0.30401232207096895,,,,-0.001381172542180625
2019-05-17,0.009465398526237224,,,,,,,-0.3202138255123049,,,,,,,,,,-0.13111314114171943,,,,0.48479758570789794,,,,-0.01842463898913175
2019-05-24,0.011433933785494423,,,,,,,-0.8392651297062973,,,,,,,,,,0.19480583774742513,,,,0.4903117458603821,,,,-0.0014801563988372276
2019-05-31,0.0751735014040849,,,,,,,-0.12569498484783834,,,,,,,,,,0.1561980099291671,,,,0.31754524098309933,,,,-0.0009538346473723687
2019-06-06,-0.5018278554507655,,,,,,,-0.12215532012211036,,,,,,,,,,0.09461047542309262,,,,-2.012632093807164,,,,-0.00023681543122173218
2019-06-14,0.5556342038965156,,,,,,,-0.0468185019480076,,,,,,,,,,0.00728980495273926,,,,-0.22114500122480812,,,,0.02785036208038161
2019-06-21,0.1082721327677213,,,,,,,-0.35422753731745676,,,,,,,,,,0.12624659233628321,,,,0.4219017310742507,,,,-0.0018615334169070318
2019-06-30,0.013057995562026905,,,,,,,-1.0373472440346085,,,,,,,,,,0.009340274865333358,,,,0.12114377170652688,,,,-0.013237382381562992
2019-07-05,0.09025645446095762,,,,,,,-0.07315124815418464,,,,,,,,,,0.2513186671208979,,,,0.3106541475786384,,,,0.15549176090180747
2019-07-12,0.0001787334669451615,,,,,,,-0.6898924871766754,,,,,,,,,,0.0408782815280086,,,,0.04644957152151841,,,,-0.0007209950754972693
2019-07-19,-0.0676364021081623,,,,,,,-0.025870715501578094,,,,,,,,,,0.007578961094202397,,,,0.35161435211980546,,,,-0.004505062422057511
2019-07-26,-0.06719102855020684,,,,,,,0.0009730726007166076,,,,,,,,,,0.1345533265788322,,,,0.06259353591669976,,,,0.08893525412268467
2019-08-02,-0.38311737090002335,,,,,,,-0.026650459104687094,,,,,,,,,,-0.0061647686948942525,,,,0.13472762660399518,,,,-0.11252638211180879
2019-08-09,0.008218742620307992,,,,,,,-1.0866815192821486,,,,,,,,,,0.08545499996726483,,,,0.4532368521791083,,-2.6315137715699373e-06,,0.009368262771948507
2019-08-16,0.010850782550345828,,,,,,,0.0005388107633455094,,,,,,,,,,0.41851954922240314,,,,0.021747270418031282,,-1.4153933608805717e-06,,0.0006416971860222328
2019-08-23,0.06193421031490921,,,,,,,,,,,,,,,,,-0.005332605245729327,,,,0.42221677782410744,,-2.393057470500991e-06,,0.03295168221039216
2019-08-30,0.04543489260288248,,,,,,,,,,,,,,,,,-0.008201025994919047,,,,0.05462634371219958,,,,0.002515464940660913
2019-09-06,0.21042542535215716,,,,,,,,,,,,,,,,,-0.001803612445743011,,,,0.6468286043651496,,,,0.00400872293125526
2019-09-12,0.06976224232120057,,,,,,,,,,,,,,,,,-0.0459213518596516,,,,0.0023725866005588903,,,,-0.08619179599270366
2019-09-20,-0.005277217989932354,,,,,,,,,,,,,,,,,-0.07597136203489897,,,,0.44471623242981695,,,,0.00505864960712754
2019-09-27,0.16477296484502266,,,,,,,,,,,,,,,,,-0.07932901942978082,,,,-1.0065843980990534,,,,-0.004310478836373893
2019-09-30,0.12274262185660433,,,,,,-0.17619098444023445,,,,,,,,,,,-0.02720325914396402,,,,0.7673266810175225,,,,0.03711345684085125
2019-10-11,0.026441336873587254,,,,,,-5.033857254014785,,,,,,,,,,,0.010936593769633777,,,,0.03157535147224394,,,,0.0041678807266745665
2019-10-18,0.10117806732929864,,,,,,-2.568613223397409,,,,,,,,,,,-0.07826207838481283,,,,-0.9135456876187431,,,,0.06452640915821028
2019-10-25,0.2132845402377584,,,,,,0.07087370434550327,,,,,,,,,,,-0.04656542443954896,,,,-0.19917043989528127,,,,-0.04796272474221826
2019-11-01,0.25642727207686145,,,,,,-0.04391197923245192,,,,,,,,,,,-0.06341248131380299,,,,-0.36899698619811633,,,,0.0033136632799816864
2019-11-08,0.028433117689446827,,,,,,1.5633228614558836,,,,,,,,,,,-0.017737052840162637,,,,-0.006938084722073995,,,,0.000623223646951927
2019-11-15,0.0879412805530657,,,,,,-0.062444417708791056,,,,,,,,,,,-0.0030001811229350517,,,,0.21883828163431773,,,,0.002088039768886369
2019-11-22,0.009246073411854043,,,,,,-0.18850344479783063,,,,,,,,,,,-0.1769153610640303,,,,-0.21200597709285454,,,,0.00645302736185476
2019-11-29,-0.5577822138796771,,,,,,0.002798389878630715,,,,,,,,,,,0.012075585873159529,,,,-1.8914891289483706,,,,-0.46856698595187285
2019-12-06,0.06931997462431211,,,,,,-0.15602145173020499,,,,,,,,,,,-0.045785534966283646,,,,0.1977645336445861,,,,0.012710145104038752
2019-12-13,0.11648681009986761,,,,,,0.4573899757467592,,,,,,,,,,,-0.0006458618626047647,,,,-0.02081377344418441,,,,0.0037027354511205562
2019-12-20,-0.0010511241532437485,,,,,,-0.10358419906573298,,,,,,,,,,,0.012493632390556949,,,,-0.29567102587614347,,,,0.0019466603690765907
2019-12-27,-0.007867629986269505,,,,,,0.32990874971307077,,,,,,,,,,,0.10297878071481137,,,,-0.14684913300059915,,,,0.3054695843972185
2020-01-03,0.14582001979333026,,,,,,0.09638153333649681,,,,,,,,,,,-0.11123425456874508,,,,3.904038821736066,,,,0.010897429388935023
2020-01-10,-0.23715321212672927,,,,,,-0.03384463096008798,,,,,,,,,,,0.02375886356080762,,,,-1.0212363478827517,,,,0.014253371001941052
2020-01-17,-0.40068629429700386,,,,,,0.02866142988936652,,,,,,,,,,,-0.7381321498897129,,,,-0.017785906039657906,,,,0.0732714839582184
2020-01-23,0.06401864916578033,,,,,,-0.07233858094243517,,,,,,,,,,,0.011673212544109097,,,,-0.009301008915852775,,,,0.0027786061757379367
2020-02-07,0.2124953036848043,,,,,,-0.43233421462175015,,,,,,,,,,,1.4295631481041144,,,,-0.06687792429464479,,,,-0.0073791363425271365
2020-02-14,-0.016721524182144433,,,,,,0.12394731529068984,,,,,,,,,,,-0.010740918917492877,,,,0.009169841774007759,,,,0.4666553466200205
2020-02-21,-0.048406037604909344,,,,,,0.9897603283322457,,,,,,,,,,,-0.0025183590988873393,,,,-0.4149357146406843,,,,-0.7553164056136605
2020-02-28,-0.03168628304657731,,,,,,-0.028079891703874513,,,,,,,,,,,-0.023681439821227182,,,,0.009682200520301304,,,,-0.0008828846219516486
2020-03-06,-0.04820737497195141,,,,,,0.011158633315328237,,,,,,,,,,,-0.011315203228916201,,,,0.07204053188921461,,,,0.026610829913789574
2020-03-13,-0.18280315083462878,,,,,,-0.09217538937332709,,,,,,,,,,,0.1690079224682255,,,,-0.2918692106050828,,,,0.0014016812679748516
2020-03-20,0.20079717218636756,,,,,,0.30831991217969684,,,,,,,,,,,-0.07678894496921443,,,,-0.04942628322855011,,,,-0.4447107473245454
2020-03-27,0.0809449984391546,,,,,,0.008223207261121222,,,,,,,,,,,-0.07050005486869332,,,,-0.37353580661342256,,,,-0.01718076790991907
2020-04-03,0.13779850459248336,,,,,,0.1268369659207182,,,,,,,,,,,0.21303423574318275,,,,-1.0359323309278872,,,,0.007695288558877682
2020-04-10,0.1813507743241006,,,,,,-0.24472406994721052,,,,,,,,,,,-0.17259654503676097,,,,0.6060618342635691,,,,0.18418643906935947
2020-04-17,0.1816682947428399,,,,,,-2.821837091213027,,,,,,,,,,,-0.03536818119863369,,,,-0.2945429012050969,,,,0.29994194780916583
2020-04-24,0.20168261758489153,,,,,,0.449371496504697,,,,,,,,,,,-0.0022143705384465233,,,,0.3714201176196763,,,,0.08583486631992376
2020-04-30,-0.21120441364306566,,,,,,0.06751141876850489,,,,,,,,,,,-0.007842559659893705,,,,-0.8984211773524943,,,,-0.045633283586157314
2020-05-08,-0.5477178343637644,,,,,,0.5252392615274084,,,,,,,,,,,-0.0024555640309795955,,,,-0.4649132160347062,,,,-0.003084474968874703
2020-05-15,-0.3738743941828317,,,,,,0.2592684726363145,0.0001837838864607681,0.000159768074738257,,,,,,,,,-0.08288166179375077,,,,-0.40737889578288433,,,,-0.0005533883228463181
2020-05-22,-0.09040813701691378,,,,,,0.8306187066422301,0.0013478701415857094,0.008469179417849738,,,,,,,,,-0.024099840529972744,,,,-1.2696136547423338,,,,-0.007768723796868698
2020-05-29,-0.19755412257353291,,,,,,-0.22046168144558165,0.8970031626449336,-0.01096380327615427,,,,,,,,,-0.006968524953986972,,,,-0.030610106295094655,,,,-0.039635678825005086
2020-06-05,0.0668840339437789,,,,,,0.008496075008311973,0.027652316557918045,0.0009021715055948928,,,,,,,,,-0.0008422045549231048,,,,0.017568831981334698,,,,0.029301006710803823
2020-06-12,0.1324916216059381,,,,,,0.5203469278085902,0.007649478040968781,0.025964294754793754,,,,,,,,,-0.004205102045856165,,,,3.0136849453029972,,,,0.0001039041407601945
2020-06-19,0.1015053879888298,,,,,,0.7126670497957137,0.00823394957765152,0.0012810571920013982,,,,,,,,,-0.032133530757501805,,,,-0.016915013366433137,,,,0.0001484798012092912
2020-06-24,0.3436180472900661,,,,,,0.21718782682444102,-0.10625382405334559,-0.007504865885696729,,,,,,,,,-0.09222433839630358,,,,0.13089582733152436,,,,-0.009507490105464148
2020-07-03,0.2637361146701105,,,,,,0.20717407390125464,0.007368641826788138,0.2072766535495124,,,,,,,,,-0.289516338710216,,,,0.20456269101246402,,,,-0.007127423621921877
2020-07-10,-0.00975886639669241,,,,,,0.0584088871775984,0.010927863189145327,0.0038462174684707694,,,,,,,,,0.060617328985915556,,,,0.1626660121909117,,,,-0.06754354999855955
2020-07-17,-0.07382438650447906,,,,,,0.08374766273287654,0.07356613808638186,-0.0675469395830229,,,,,,,,,0.5855661243980247,,,,-0.05952457669198487,,,,0.1819679249554268
2020-07-24,0.02827620780994646,,,,,,0.03835593271185166,0.0001979009956722189,0.0018802190736827678,,,,,,,,,0.03452133009140075,,,,-0.002852332650700784,,,,0.03938797389123044
2020-07-31,0.44624866916468947,,,,,,0.5631641419617115,-0.07830924536200504,0.017944919582861214,,,,,,,,,0.00045098581135567415,,,,0.25681265197407865,,,,0.0028748655223241955
2020-08-07,1.299151582405356,,,,,,0.6734484621713254,0.004967375205467901,0.0013449999922545072,,,,,,,,,-0.0006989346128070103,,,,-0.03675731038432497,,,,0.05280641935919014
2020-08-14,-0.03389521327988573,,,,,,0.05532498099231771,-0.21056527947513837,0.028414696265513382,,,,,,,,,-0.13011165304949665,,,,0.00039175981033866877,,,,0.05259174294680126
2020-08-21,0.6052524214507612,,,,,,0.1874671391065447,0.0025899145289778147,0.005957114953206381,,,,,,,,,0.07906589139594969,,,,-0.43935674166715494,,,,0.001332721732335748
2020-08-28,-0.035009683422180804,,,,,,-0.24403506293632862,0.00033020682292297433,0.2676862852193001,,,,,,,,,-0.0018298092891941098,,,,-0.020611425735186713,,,,-0.009646980308846052
2020-09-04,-0.002347220838313333,,,,,,0.15002534833790218,-0.07794090324256435,0.09352849379058216,,0.004951953979943944,,,,,,,-0.029304670937870782,,,,-0.5568782132712462,,,,-0.03477699996806741
2020-09-11,0.11482397424753002,,,,,,-0.03702451977258969,-0.2269431377977932,-0.00611441881302273,,0.2742730139325175,,,,,,,-0.006518235097486943,,,,-0.5844059121223301,,,,-0.0005330124779618101
2020-09-18,0.10161793386215723,,,,,,0.007409771427510987,-0.009286764531563149,0.002731673080266998,,0.1291641640256075,,,,,,,0.11084083637237915,,,,-0.14593880110454516,,,,-0.013804403981359945
2020-09-25,-0.4690973786591771,,,,,,0.12156289307247513,0.05231060231223145,-0.03680256020690534,,0.1875892057082058,,,,,,,-0.0010512471143384447,,,,0.9806485762518279,,,,0.009858525941294721
2020-09-30,0.2720572292823894,0.13027791991349685,,,,,0.0033898894605069924,-0.7314195697384636,0.06530954164991509,,0.9552115354399935,,,,,,,-0.08240434470730511,,,,0.8902883538233344,,,,-0.00034653799792739773
2020-10-09,-0.0001389221365141382,0.01838090864194384,,,,,-0.0738026772870488,0.07866585600735025,0.21382939253816868,,0.5564477947938812,,,,,,,-0.15467629572721464,,,,0.021809615969185233,,,,0.007705378555069362
2020-10-16,-0.0448503530492337,-0.12480572994319167,,,,,0.5422520163492999,-0.005643936106007632,0.1557538485448081,,0.5340917141308057,,,,,,,0.01768259700588064,,,,-0.04319806521636073,,,,-6.034389772179915e-05
2020-10-23,-0.41312086020544425,0.037858553394897125,,,,,0.02667037972777475,-0.2223019089063843,0.002269180499946681,,0.889891894715405,,,,,,,-0.003424976745717032,,,,0.002462928388959751,,,,-0.011359421052218441
2020-10-30,-0.02854676807705532,-0.0918523420469763,,,,,-0.013228681990264416,-0.005229867244714752,0.25852352189047095,,-2.7169730066542743,,,,,,,-0.0636842366952986,0.05485455048346016,,,-0.021258848626609442,,,,-0.006372640016590268
2020-11-06,-0.007978867302056877,-0.11309383194048117,,,,,-0.18955051844393148,-1.1304840676923404,-2.4789730446073186,,-0.37730362573091714,,,,,,,-0.002702070650460602,0.019952977741727114,,,1.40739187300026,,,,0.011207293251346518
2020-11-13,0.010150425475553414,-0.03788965082193621,,,,,0.14172661939282527,1.7891758301214533,0.06699192404403918,,-0.27806393288760833,,,,,,,-0.0814766688502027,0.10483701834720519,,,0.16022962004083086,,,,-0.0002391190484358772
2020-11-20,-0.9018837348544549,0.004282674611231189,,,,,0.02849691728968113,-0.016068554243127826,-0.19657296890169024,,-0.15796798172416912,,,,,,,-0.006890414802351847,-0.14649103721888626,,,0.304272482098698,,,,0.0028522676440561686
2020-11-27,-0.36267478888285526,-0.03528968799638834,,,,,0.23407332812412965,-0.21892828190769506,0.007109353885561451,,-0.8955558538087284,,,,,,,0.0047564948026098,-0.07645630551176498,,,0.6537163666732041,,,,0.0004761453274818236
2020-12-04,-0.15451049867434102,0.07622743699371856,,,,,0.6261623117182259,0.01572596842226191,0.22303325732219717,,0.23406643761016924,,,,,,,-0.027020901313945484,0.0015590614943532624,,,3.984899171517088,,,,0.04953269297525962
2020-12-11,0.21980481577788208,-0.03315488245379973,,,,,-0.015389286104710909,-0.15747239255771678,0.0636419513725975,,-0.07967883286837116,,,,,,,3.110258360207997,-0.026782919286765263,,,0.1896782379122287,,,,-0.04670192305440159
2020-12-18,0.5673078190205101,-0.026157743052165287,,,,,0.27747586663473367,-0.03850172538851045,0.32799785924365016,,0.5458247078281154,,,,,,,-0.009613184420350626,0.009093486283877732,,,-37.64639872217562,,,-0.02190969500773171,0.002049135926972194
2020-12-25,0.3327474221793576,0.016207670736828116,,,,,0.33226821894600017,-0.07436025958568351,0.06321180233844075,,-1.340341599326108,,,,,,,-0.3572831228586487,0.00023381172896762344,,,0.03902120914228549,,,-0.18434922271988807,0.02353444413042911
2020-12-31,0.023605319255288762,0.06513296157067974,,,,,-0.29670747522807006,-0.22337473658309084,0.0015599247379559221,,-0.07160451084266337,,,,,,,-0.875902584859996,0.18924337897682997,,,4.525959766350776,,,-0.019384891824154777,0.14911155769069262
2021-01-08,-0.04835249252189591,0.02787900982607803,,,,,0.31674856676260926,-0.13540992411281152,0.2507099050438821,,0.2392124934343553,,,,,,,-0.0004519576353868623,0.0008613736106866559,,,0.2923956063444477,,,0.014835462618271206,-0.025035461091961128
2021-01-15,-0.00340671268586807,0.07804339025739263,,,,,-0.8638815381221998,-0.008124007608948103,0.01423685105278416,,0.2124310668631051,,,,,,,-0.046832029040450224,0.026929002256624434,,,0.8517255931700523,,,0.0150969811754302,0.10309352611951722
2021-01-22,-0.4433640412433361,-0.3554139439121882,,,,,0.14838574879289101,-0.014460168958768779,0.006209206901981202,,0.5038773100883381,,,,,,,-0.15314135737901252,-0.19717691007949356,,,4.358236929540907,,,-0.00154853527064534,-0.2981011772717383
2021-01-29,0.08135997978022687,-0.018088689002018057,,,,,0.16445517000906298,-0.013849691740924965,-0.16332272668158393,,0.23201725462254827,,,,,,,0.03070710492388398,0.010488744955213396,,,0.13488932743709528,,,0.01567625261667129,-0.022077130277511663
2021-02-05,0.08326185180890643,0.07795807427679874,,,,,0.021591817761546943,-0.02558097766646196,0.011614753471953981,,0.26982797587933105,,,,,,,-0.40485997435209414,-0.36091614232984587,,,3.74505738662194,,,-0.11542485852083455,-0.05060140877341647
2021-02-10,-0.007932840524214765,-0.26708794845076567,,,,,0.02664750839704504,-0.389798184152368,-0.008974591455047636,,-0.96860049840406,,,,,,,-0.017789664978566787,0.0013913528651057884,,,0.6481168877783188,,,0.0061177835560739325,-0.5025258174635521
2021-02-19,-0.06419273061616672,0.12955543407422612,,,,,0.07980741585984746,-0.09700680848663695,0.04419068506565324,,0.3656749573199687,,,,,,,-0.3327776905262133,0.17175504082227935,,,2.2629941804886076,,,0.003915682939268017,0.8238565587818962
2021-02-26,-0.17275596843295588,0.8731333404456496,,,,,-1.045691289416645,-1.1783788551224201,0.856464705871248,,-0.0961242080513717,,,,,,,-0.02909084945367373,0.15513770948881628,,,1.157555867976861,,,-0.01021004578916278,0.05708665192012377
2021-03-05,-0.045398166667874315,0.8217618992130022,,,,,-1.0363747165386863,1.0751278979366243,0.10467504599373856,,0.05169622572886144,,,,,,,-0.10377066401224982,0.015305449847739218,,,2.920881741273785,,,0.008429562883321386,0.03530428511709027
2021-03-12,2.3583356165057543,0.004624005963663317,,,,,-0.04779260741384739,-0.0915412586786388,0.012742841152290435,,0.16684394327498583,,,,,,,-0.13094382675946087,0.00013969419657773377,,,3.845891519896532,,,-0.012840725139011869,0.45367650975190643
2021-03-19,0.07259220091819044,0.166140330375473,,,,,-0.024043970501868378,-0.07790797661640236,0.04941398940095294,,-2.884316072292495,,,,,,,-0.10540646519399498,0.014608347423269078,,,0.28341021944973677,,,0.00014288455609564037,0.09099021465425565
2021-03-26,-0.009866346890996285,-0.48274338845139153,,,,,0.20902154330555675,-2.349791421395241,0.017016663145353085,,0.15832096578993826,,,,,,,-0.0036325643968397226,0.05589466267310951,,,0.008125892215720023,,,0.08161267937641771,-0.0016289145150477208
2021-04-02,-0.005435810791955502,0.23231522378881012,,,,,0.21218317109775114,-0.11941643280306166,0.0008459026549304313,,0.28326482776943374,,,,,,,-0.03427570657722363,0.1459453255130498,,,-0.028234011566532193,,,,0.0022758064810814473
2021-04-09,-0.011313708070108936,0.126438506581798,,,,,-0.12879021030705093,0.6516059650021108,-0.02640551199263262,,0.3993252965135068,,,,,,,-0.24663523858964503,0.1487349351362703,,,0.08974102490870765,,,,-0.042251316948308255
2021-04-16,0.0680179598788348,0.18845854076429835,,,,,-0.23031887186760708,-0.5336406920275113,0.012406674015986984,,-0.7489076848765113,,,,,,,-0.6409944681215886,0.005962010629534911,,,-0.07567095758515589,,,,-0.0002622600052422625
2021-04-23,-0.16975632266342774,-0.3846042308964989,,,,,0.10985507315055884,0.7355487238929586,0.17099053774161269,,-0.5938513963884886,,,,,,,-0.04345085354964892,0.013021238896511803,,,-0.4129704859691802,,,,0.17430301718823704
2021-04-30,0.027280333596268386,-0.042926441739064486,,,,,-0.2972192395925633,-0.042803243178308435,0.004975320723412707,,0.0006261499016630423,,,,,,,-0.0814517369851797,0.0013086133646452477,,,-0.008110022746989182,,,,-0.0012486412435276956
2021-05-07,-0.0403651576865072,0.6792179705526483,,,,,0.09108687292085224,-0.008350575977940103,0.16370151487994078,,-0.3154193773381377,,,,,,,0.42719356147374776,0.0001717036799458405,,,-0.00636792174748655,,,,-0.00015284327910760243
2021-05-14,-0.004588046207530505,-0.011286082530620687,,,,,0.34159317922512544,0.0020969274709580037,0.0009744446241517159,,0.07465392999068347,,,,,,,0.2360024351983398,0.004361142505617953,,,-0.0215740254284007,,,,0.002314555243035269
2021-05-21,0.038970503484907854,0.0013827208798912964,,,,,-0.05265751916052319,0.006121511136192392,0.004313039578784167,,-0.30475052603400105,,,,,,,0.03256010294878858,0.0005604067975602057,,,0.013943158996370546,,,,-0.0007217470738548099
2021-05-28,-0.16289057127345935,0.579992118226419,,,,,0.6494524978337652,0.15518680483988073,0.5931677013291107,,0.4807328357109523,,,,,,,0.8209679031423653,-0.004148896697562611,,,0.0033173435481264014,,,,-0.0009190264035789097
2021-06-04,0.02563284070387914,0.05442632363701681,,,,,0.11291483557942808,0.16396118981373703,-0.4387652066601788,,-1.011620806114784,,,,,,,0.14799794319171936,0.002484146811456259,,,0.013097083969421114,,,,-0.023511030614280268
2021-06-11,-0.015916503700640308,0.05114784414776674,,,,,-0.027057546060845455,-0.20759654581713402,0.24256750956718873,,-0.23781589749744209,,,,,,,0.26957875708485685,-0.04198894974779921,,,0.011756440541604874,,,,0.013074379277726792
2021-06-18,-0.2958682575828193,-0.004374288639818631,,,,,-0.2832054521223521,2.540400656860051,0.0014882871088768865,,-2.4948046698121287,,,,,,,0.020452948309780228,0.0018742505714869444,,,0.05810110861294264,,,,0.045984670535825084
2021-06-25,-0.2050938534283523,-0.16027552157376376,,,,,0.17889232221731344,-0.04044538229096485,0.12333849132122242,,0.8639162292227047,,,,,,,0.513388962633907,-0.0036305596428624484,,,0.3679266661180147,,,,-0.03186319120367138
2021-07-02,-0.274550765431249,0.04682432352182147,,,,,-0.03439369705089576,0.17759677528995543,-0.066838240360718,,0.00863295832432038,,,,,,,0.5898100948211847,0.02216647338067527,,,0.297740095377968,,,,0.6721936824572806
2021-07-09,0.033227931699710445,-0.011491850400362097,,,,,-0.2708548237661364,0.19583826944965269,0.009438429380185813,,1.3140202084679666,,,,,,,-1.4080366897869714,0.1586696224830127,,,-0.07469465581099609,,,,-0.015180235424601755
2021-07-16,0.34177765893146334,0.03376273488789622,,,,,0.5729438950833214,-0.5270826631487262,-0.4968409654136374,,0.4655635721558888,,,,,,,0.025208526459704044,0.07921221030654021,,,0.027739673282547568,,,,-0.0005935987765055391
2021-07-23,-0.027995732248199238,0.10851809316930097,,,,,-0.1400019937421439,0.05476990801172605,0.04274011464239659,,-0.35696207433001104,,,,,,,0.2919491225836409,-0.04175349894676172,,,0.33457940754226134,,,,-9.998237069552555e-05
2021-07-30,-0.041708022774766755,0.19055449252622508,,,,,-0.014461343155478375,-2.3306283618034316,0.003853914307751369,,-0.22608789803760884,,,,,,,0.13403540851496187,0.24292712023127833,,,0.9648520410634593,,,,0.02341934545952018
2021-08-06,0.2064517580982875,-0.024452215942208234,,,,,-0.5050596900606513,-0.03298340078980233,0.010957845805638555,,0.36542731331358286,,,,,,,0.00877553269804449,0.022072600862808323,,,-0.22190837910140362,,,,-0.020166483358797012
2021-08-13,-0.050322487660742724,-0.07421016713292582,,,,,-0.21960210850826567,0.6039613882270889,0.002138597828302972,,-0.09351259793155159,,,,,,,-0.15119146123078295,-0.10856006575956056,,,0.23965870136969797,,,,0.039423275681660125
2021-08-20,0.0945536077909041,0.004768003327652055,,,,,-0.3671416562517945,0.03854924245863264,0.01890382327381894,,0.21626011106488804,,,,,,,-0.010403703257442712,0.0030310505451519166,,,-0.01847351904356668,,,,-0.022375722915291035
2021-08-27,0.4083371117113558,0.016886067482331596,,,,,-0.08833806800711105,0.3896606220899703,-0.017646366918357165,,2.3553170189949335,,,,,,,0.022981597521105575,-0.010605459602360444,,,-0.037508542611554084,,,,-0.01034047626765664
2021-09-03,-0.1412963561589957,0.3064282729071688,,,,,0.207132574076197,0.17141357632715665,,,-0.016238472580051316,,,,,,,0.29127640128831805,0.008862000224507255,,,-0.09555633000775685,,,,0.06949173183412136
2021-09-10,0.3074088098685265,0.002603639081086203,,,,,-0.08123989118380949,0.22945389345032768,,,0.1778061805245322,,,,,,,0.3167950798945794,0.02032040260335602,,,-0.435018437411215,,,,-0.00018070244698438072
2021-09-17,-0.03487296838321898,0.11848973853861358,,,,,0.02248931549460909,0.05346887351622935,,,-0.012767427543334353,,,,,,,-0.24478420655506106,0.06448682586915491,,,-0.018392759763106704,,,,-0.029622905907649197
2021-09-24,-0.26962741361180625,-0.03338765076856908,,,,,-0.2550250087006664,0.0418214931886684,,,0.2774049056142449,,,,,,,0.13818596829493401,-0.013693257633606522,,,-0.04714985676234978,,,,-0.0010440528183749216
2021-09-30,-0.2211444355319496,-0.07170126942183343,,,,,0.5751393832875746,0.0324691008154416,,,-0.22241825886472105,,,,,,,0.5063754647129208,0.009251439488108217,,,1.387484811050524,,,,-0.16422668532762008
2021-10-08,0.5984910528032914,-0.6579792704372999,,,,,-0.06515567360120982,0.11779212773615037,,,0.11538733877396665,,,,,,,0.011997433935835959,-0.00414896505417154,,,0.14399286714170226,,,,0.11749417803584436
2021-10-15,-0.3381306646698022,-0.28431825322832494,,,,,0.015385422295715157,0.06661263982625215,,,0.18424079480201117,,,,,,,-0.12698166456350976,0.01412595182091698,,,0.5753243018353051,,,,-0.0008458587756359487
2021-10-22,0.09403160873709826,0.05015520805379327,,,,,-0.012778161960135955,0.028757273785972294,,,-0.7854970834954705,,,,,,,0.5966929109019083,-0.8739383168263027,,,-0.014067861892440322,,,,0.11581308088118673
2021-10-29,0.028267750035027444,0.07064025951608932,,,,,0.3093025528652736,-0.0003327660186438035,,,-0.1636127245503744,,,,,,,0.1365311531379004,-0.003735268626055499,,,-0.010293827847404865,,,,-6.712342393302118e-05
2021-11-05,0.023340190803471036,-0.03605895056453288,,,,,0.23805676767540906,0.14843205448995822,,,-0.10731372898971488,,,,,,,0.3951204996873491,-0.043534413106750526,,,0.01059874787405165,,,,-0.00038989123599890684
2021-11-12,0.00945107175998263,0.09839304134564725,,,,,-0.4214400866647896,0.022285770530902024,,,2.171175686630615,,,,,,,-0.11333443482274712,0.1528502152575556,,,0.03116044895290527,,,,-0.29785033705255254
2021-11-19,0.04060802604313164,0.07083650503525228,,,,,-0.08834981380140468,0.023531401954362412,,,-1.4416742323185066,,,,,,,-0.13263384428581446,0.015246309638415051,,,0.5864598237243107,,,,-0.0065807279755722555
2021-11-26,-0.3141499679410605,-0.5968721093154767,,,,,-0.269468507140427,0.2812164379269126,,,0.10372698881851437,,,,,,,-0.020907967444181982,0.1219116623685574,,,0.01040872334251866,,,,-0.06111451753920758
2021-12-03,-0.15960476699671128,-0.012131601678091691,,,,,-0.9063140102856371,-0.7441575582554231,,,0.5332216183365383,,,,,,,0.019906664364981074,0.1258560462110383,,,0.001370705806467967,,,,0.007720095019238999
2021-12-10,0.36995991035378445,-0.7883227071053204,,,,,-0.19063538905085445,0.18021656990008847,,,-0.4560604662375844,,,,,,,-0.5350731814661994,0.015243781992738181,,,-0.0019218126590777047,,,,-0.0003252695604545064
2021-12-17,-0.022270167413992563,-0.06605232461603715,,,,,-0.035701553360231814,0.09546472046517779,,,2.1234053208968793,,,,,,,0.5490127721516409,0.21425867119798273,,,0.005258959115613734,,,,-0.01631364627256245
2021-12-24,-0.15289455782469488,-0.12387469080991545,,,,,0.8470904731886651,0.18497606470787942,,,1.0339205033987113,,,,,,,0.06543053816983155,-0.35925802389244793,,,-0.15802623190989737,,,,2.00277664583081
2021-12-31,0.1935634274329444,0.024960991130838446,,,,,0.7354888932879127,0.07480983085305745,,,0.08108124092783749,,,,,,,0.02481527774410367,0.04718381870033887,,,-0.11402110656740734,,,,-0.5862331989473297
2022-01-07,-0.23414265987780966,0.14752522597247159,,,,,-0.30548777761695606,0.14352966741280865,,,0.7632129115416786,,,,,,,-0.39072417578588237,0.04838185855652527,,,-0.8211276982670884,,,,0.49682298729865376
2022-01-14,-0.015586942856667906,0.02783707958003666,,,,,0.1255574797223249,0.12429411131249733,,,1.5299880334291986,,,,,0.001204270298326203,,-0.10944647328741262,-0.035970047312750636,,,3.2696373284372684,,,,0.035018211718837455
2022-01-21,0.12555224758151703,0.03522815391866352,,,,,-0.04993925213547665,0.03439011434868208,,,-0.33692423951405975,,,,,-0.00706082226859744,,-0.8065328643975256,0.001526344653732009,,,-0.061733555675533125,,,,-0.022048391151322733
2022-01-28,-0.0011376011123047161,-0.3002701344316122,,,,,0.0973535298597628,-0.004443387892487856,,,2.4975747732295632,,,,,0.37775090450326826,,-0.18740059362615402,0.15221733553849964,,,-0.21628968203739052,,,,3.3337071704072256
2022-02-11,0.05463023496501745,0.38179862735195697,,,,,0.11636118254979769,-0.08582779022288799,,,0.8938903297608987,,,,,0.005286585719365863,,-0.3555477276236021,0.0024100425359512177,,,-0.034879050160992034,,,,0.1509837149408472
2022-02-18,-0.06717013084190039,0.10499735948973128,,,,,0.24159381083373396,-0.21923148189988034,,,-0.31074866722975164,,,,,-0.1473490676183158,,2.1702955035952014,0.0002931693755833976,,,0.027225562067118795,,,,-1.7138927355691669
2022-02-25,0.04650387981687142,-0.2708342602698402,,,,,-0.21377216241408475,-0.005542457244128937,,,-0.16894272299122812,,,,,-0.01808894094483339,,-0.034467577773637716,0.00023979041961795018,,,-1.0726424098678375,,,,0.20472058780868566
2022-03-04,0.19443045811714693,0.27529377247594294,,,,,0.0482240709972739,-0.14430875774029311,,,-0.6117817298725198,,,,,0.07489439899388357,,-0.7942203334780918,0.014618458647402672,,,0.003385333377471102,,,,0.033554552674476545
2022-03-11,-0.020977173521521134,-0.15296038956094687,,,,,0.021168671948852733,-0.0427925806085886,,,-0.5369075622576513,,,,,0.005486403713261015,,-0.9908024694570999,-0.009534871699886996,,,-0.024879795052961163,,,,-0.05539014389187566
2022-03-18,-0.022620672557918005,-0.24158548191709184,,,,,-0.01743945922982975,-0.6505072680268768,,,-0.6343465610056457,,,,,-0.009671923298971975,,-0.07618924313660842,-0.42615285277426207,,,-0.16483727796855346,,,,-0.17574446045906975
2022-03-25,0.23502238454709187,0.07290439140451548,,,,,0.2531614445980896,0.03112826603079316,,,-0.09201575043840586,,,,,0.0006260603308949172,,-0.9582226420896295,-0.0021806831386460505,,,-0.060038193623974445,,,,-0.0006814301040626595
2022-04-01,0.2104773219948903,0.03359048776434516,,,,,-0.14798657125113074,-0.23503003051668508,,,1.3970489277450118,,,,,0.31749304249844246,,0.00017715793479580744,0.12404806754463735,,,-0.3089033624968609,,,,-0.05584824399027888
2022-04-08,-0.20798266529278595,0.9828645111512744,,,,,0.055326273973953885,-0.01903242386082632,,,-2.9996150984304832,,,,,-0.03900756445686615,,-0.5030528151965208,0.03565601056682842,,,-0.6275567859468989,,,,0.12686509103330668
2022-04-15,-0.10309925195653259,0.22154967282559868,,,,,0.13957300617951324,0.576534466973875,,,-0.022292540389004606,,,,,0.000186187005434684,,-1.0372187636025472,0.4017511675917236,,,-0.0028101599957596896,,,,-0.0039645227013328675
2022-04-22,0.12468351153647632,-0.21005638416606193,,,,,-0.20669189502368224,-0.06912713178290106,,,-0.6485584498635105,,,,,0.0014364871912910474,,1.0927906934802338,0.0700212847912663,,,-0.5549177107526484,,,,0.24399373581327088
2022-04-29,0.06640250513539217,0.0588936226865592,,,,,0.1234745078693594,0.3742868815130724,,,-0.2929614499109457,,,,,0.15394929647870076,,-0.10469169285269536,0.005306049288488442,,,0.048676868773454646,,,,-0.012297426457694105
2022-05-06,0.1793894034927253,-0.8693142603420738,,,,,0.1785495540996797,0.01806701237267782,,,1.2342167143028488,,,,,0.0007132061270479627,,-1.937910995564376,0.014162747010017806,,,-0.004770661524106546,,,,0.03790273841272427
2022-05-13,-0.02110171407737297,-0.0046701061389251815,,,,,0.11562997093439369,-0.09349234103063953,,,0.7067097190101859,,,,,-0.07805594534747334,,-0.6801257286208275,-0.14742255465627804,,,-0.0015814983125808804,,,,-0.190083045669041
2022-05-20,-0.0527129842863777,-0.09874046261027314,,,,,0.1534284707860181,-0.30566321998470714,,,0.9146579270842569,,,,-0.047653758677678446,0.0017879446811884605,,1.0535138273860079,1.1374337894979591,,,-0.007443995237677141,-0.008558228870524239,,,0.06786267206327905
2022-05-27,-0.005906187115670118,0.0016346129073402547,,,,,-0.17028744028103868,-0.0056678406621758414,,,-0.5509988010723488,,,,0.30423181167070373,-0.2573489106606035,,-1.8302694070301835,0.45902133126471234,,,0.20587803194623372,-0.17502089836889295,,,0.50466151218681
2022-06-02,-0.07365222496847652,0.057777851515865584,,,,,0.06522835144688582,-0.024822832585489014,,,0.20054979064449743,,,,0.03495456293267171,0.00675763317190675,,-1.806769720759012,-2.1085523389775713,,,-0.11240652462856746,-0.03961380718106702,,,-0.14505071022317842
2022-06-10,0.002685171734877038,0.05738267072593959,,,,,0.191645262336549,-0.4243520266965916,,,0.5792766523687197,,,,-0.045048546976211766,-0.38772514267415825,,2.977341290248242,0.08137465152976617,,,-0.007670384326764789,0.03351301442029974,,,-0.04102190870271359
2022-06-17,-0.02413020671706409,-0.0013447774598757043,,,,,-0.550136583232715,-0.1751289470979362,,,1.9758760108624638,,,,-0.00029576196011897067,-0.009085391010945628,,-0.10899460958104604,0.04394021522783191,,,-0.0028622149217119746,0.8030915681301982,,,-0.0006885030297334257
2022-06-24,-0.10397558961848748,0.12013860049396097,,,,,0.6387942788291391,-0.42884013974345375,,,-0.020383723486093956,,,,0.018797022992192068,-0.07949960942102921,,4.507131654333288,0.15542482618830356,,,0.014900786257123147,0.3946539364472127,,,-0.053568154176443436
2022-07-01,0.006911185811421861,0.10151640052500205,,,,,1.111683270489494,0.010316801587166703,,,-0.34505900351877256,,,,-0.002063047140423134,-0.5233501244126054,,-0.37927790532945194,-0.7158088195147284,,,-0.0010242967598625798,-0.014259473584326544,,,-0.11738356160968519
2022-07-08,-0.04322452276545629,0.025949798382313025,,,,,0.19032120498641322,0.015582515896590713,,,-0.0380256728383809,,,,-0.00029780030920133866,0.03535302978995662,,-0.27790306390191555,0.02419621210871831,,,-0.018574903352112974,-0.0008991978557881604,,,-0.24492688004419003
2022-07-15,-1.2011964364628798,0.11024692359007685,,,,,-1.140065109304384,0.15538264884387945,,,-0.2542373078377662,,,,0.28009347198387735,0.009163676307480582,,-0.003969546335627315,1.2372082400374893,,,-6.337551899726003e-05,-0.20036190476030208,,,-0.02724852874034892
2022-07-22,0.04948928112837266,0.07355219625426898,,,,,0.8047399784050372,-0.01728817422670417,,,-0.8215955142927471,,,,-0.05937048774924637,0.16785205496239844,,0.0850124539732339,0.021423231608379487,,,-0.0004867059949744951,-0.005586887754450367,,,-0.004530625378621569
2022-07-29,-0.09270231326665143,0.04853432885449574,,,,,0.17789956739213977,-0.05356331504813678,,,-0.5710566483661035,,0.01293040435799136,,-0.1649760891054004,-0.028064554213700573,,-0.0819496473456227,0.11786554005409199,,,-0.0003507191170493167,0.001130123976200964,,,-0.1711831467541806
2022-08-05,0.04445983602697585,-0.0026146303733027582,,,,,-0.10141805682754548,-0.1328400836708729,,,-0.3808598040951245,,0.05643861694709788,,-0.006671359589982395,-0.0003170116536342068,,-1.7069263374510304,0.2903103577101568,,,-0.0018956390081655465,0.354404295732553,,,-0.4141855234780807
2022-08-12,0.07076610158728457,0.06968820194517185,,,,,-1.3972021659768703,-0.03297977477064167,,,-0.05822196523792182,,-0.0688054438872375,,0.008888558839711772,-0.056776941248922075,,0.022735698137314603,-0.22848925224647976,,,-0.12746103386431087,-0.03548406994401779,,,-1.0982381048131267
2022-08-19,0.48449404388652184,0.061892415009872116,,,,,1.340264110422487,0.0032499763899090893,,,1.370412220280551,,-0.01997009091863726,,-0.09758346344559474,-0.012984079029114947,,-0.0073033933643786774,0.03930581167963555,,,0.025711335654451807,-0.028664168264317363,,,1.3433223454533039
2022-08-26,-0.011683094237772787,-0.3657964863462569,,,,,0.28894437820940233,0.06070892546484742,,0.005915961076365597,-0.06629662101000726,,0.0250132191616244,,-0.08954490049691416,0.03404482851637319,,0.23690406150646845,0.21354808858477922,,,-0.02542845411331214,0.02679570938755904,,,-0.2713027508575614
2022-09-02,0.23753813967656695,0.07932765394630083,,-0.16540736884595258,,,2.447360661904929,-0.12063235938456174,,,-0.08689290674053068,,,,-0.003091514437849434,-0.12171062168941614,,-0.2747105204919712,0.25034774401803,,,-0.0009342576710609855,-0.01576006212798403,,,-0.25142566225180607
2022-09-09,0.09032157245632277,0.07191018813194582,,0.0009171306694193854,,,0.270159510709437,1.0613418443784988,,,0.18476327783832833,,,,-0.0002039325136533012,-0.12098062710258693,,-0.09195193746002597,0.03239195426509649,,,-0.004441726210837888,-0.009598428139753935,,,-0.015784657792825077
2022-09-16,0.3244302413320139,0.014548627008411644,,0.0005609743118756475,,,-1.3939906887462237,-1.2962256849890943,,,-1.094862414014359,,,,-0.0008013250681316771,0.3705455491420699,,0.10972211084746918,0.025774012029949486,,,0.28038483878910103,0.15291521726279617,,,-0.09579574972314403
2022-09-23,0.025814729263696816,-0.5519228988447157,,-0.8730211313540533,,,0.13748666280981875,0.0814684853110104,,,0.27563530999757857,,,,0.28201177991145043,-0.001657320541787272,,-0.5755582110658429,-0.11723341451491157,,,-0.12578694972558735,-0.0018716806183416421,,,-0.304410904020659
2022-09-30,0.24943380124669115,-0.31923758081036274,,0.16024451504141915,,,0.34734178746086464,-0.4317700728674849,,,-0.9952416337474453,,,,0.008592186709635257,-0.08203540587216515,,0.09242717165231018,0.23899283719380696,,,-0.013003162710993395,-0.05832681096915833,,,0.22823688985881058
2022-10-14,0.13500055151702253,-0.02320543647756427,,0.00122044887694847,,,-0.2966900756526547,-0.5817004662148473,,,-0.06985694491271684,,,,-0.0228460610602353,-0.07613498532377858,,-0.02686455101645133,-0.4375990201688158,,,-0.2867695229744921,-0.0450685009260379,,,-0.000833584837668174
2022-10-21,-0.10206477625482939,-0.002636168776805628,,0.6405438096137052,,,-0.037866500330674374,0.14808754545961153,,,-0.2889560565553905,,,,-0.13890809007717356,-0.000258200245905521,,-0.08397170036210602,0.06578832767764553,,,-0.13495718209013668,0.012098258693117935,,,-0.18112584466421716
2022-10-28,-0.4185101656607987,-0.0009562453087424078,,0.0012020455039540912,,,0.0003415379034537383,-0.5176804942680812,,,-0.13677603755953496,,,,0.0016308105668882075,0.015409840796283497,,0.010092336706179726,0.3592307636128368,,,-0.00451954005906878,-0.1463407997745202,,,-0.12838061190863584
2022-11-04,0.2095871578600462,0.02319482426226266,,-0.011570907636321216,,,1.1941734102447317,-0.16642339359473082,,,0.9919526607260724,,,,0.27842024538052085,-0.05339765213885886,,-0.4725475501654243,0.2022294843278676,,,0.020923834138007604,-0.0017839755806581391,,,-0.04915539540762127
2022-11-11,-0.030888817169619814,-0.5826962515253217,,-0.016722146433075423,,,1.1686672382046708,0.558473618444512,,,0.8199725923098131,,,,0.1291061878927627,-0.012837216486766747,,0.11531324901291848,0.03266409811251543,,,0.03354636288924215,-0.0022606672219185574,,,0.07027213596791201
2022-11-18,-0.20569282181604406,-0.05505909573387652,,0.03715174043946474,,,-0.3751853656350521,-0.2187129879243812,,,0.05022561266922809,,,,0.12423758658195638,0.5502717832461174,,0.16080577537901491,-2.6081310928150323,,,0.18519806598524,-0.09471918777142005,,,-2.1853735272702596e-05
2022-11-25,-0.2165149099584062,-0.012259105520011401,,-0.023422522007085608,,,-0.09408557873941434,-0.2760269266458202,,,0.23284611079202971,,,,0.01233734132534833,0.5658342985548045,,0.10413778391476616,0.7374606334941981,,,-0.18367733319205728,-0.12386031590779668,,,-0.040635691110908284
2022-12-02,0.05488482473775219,0.009903048000911156,,-0.07181679114425946,,,1.0622733081023241,-0.10704964911636133,,,0.033972139442480544,,,,0.02911634483741425,0.007649477742844426,,0.7004445276745559,-1.187978724298341,,,0.3165496936227029,-0.5520424730300748,,,-0.0003636582983176352
2022-12-09,0.3323457617441856,0.00984696993016263,,-0.6110095323570238,,,-0.4468989638147345,2.4648960870790897,,,-0.8986712769091397,,,,0.14868379395625891,-0.12738349955873618,,0.04380536312466664,-0.2923482691501479,,,-0.34985775210409387,-0.13664816979536104,,,-0.04005176905403755
2022-12-16,0.014558685495607751,0.06059015612651626,,-0.03369361643864113,,,0.3332288258603285,-0.14985796307105134,,,0.038263745817919054,,,0.008111498538889778,-1.3536794924381013,-0.0004339092866720323,,-0.10930158862938469,0.016666090185633312,,,0.18508498288268077,-0.18882641214901397,,,-0.021261468451458897
2022-12-23,0.2882930728901853,-0.026962097787923963,,-0.5781658725094376,,,-0.514660716320456,-0.604928359109455,,,0.42859517584285006,,,-0.004182603584474578,0.12328945305506217,-0.022729132850140138,,-0.01902547426532044,0.5270107263439467,,,-0.003982877221078928,-0.34052956565401193,,,-0.040872827989482614
2022-12-31,-1.332318535964622,-0.43075735891668504,,-0.10965431110896785,,,0.3331875999353138,0.03686494085130304,,,-0.08304801577574551,,,0.017863081802222402,-0.16628823388261776,-0.11006905955753658,,0.1678698408481641,0.11221745738183962,,,-0.1680083818191837,-0.1812218075916402,,,0.04002910557395857
2023-01-06,-0.08279791035365998,0.1690033097179225,,-0.0028884204478477754,,,0.0025152983362998153,-2.475815205382304,,,0.1465735729286649,,,-0.25643917084276224,0.23164758500961383,-0.0032401129757325077,,0.15560117220274997,0.07810924631746097,,,-0.0026227550181088686,-0.011758235803619144,,,0.02882228826026888
2023-01-13,-0.19217966453255475,0.684491942293618,,-0.45415840277551006,,,0.04875620917795239,0.024437326512785722,,,0.2989987917837498,,,-0.042719096298905614,0.013026244615130661,-0.0005491649658187584,,-0.07818967215059039,-0.007891494140646526,,,-0.029154083528400987,0.011434359721484577,,,-0.0018860532890864565
2023-01-20,-0.07199755731590952,0.3041665499775033,,-0.001334509590458924,,,1.5130629264095874,-1.3105311435252007,,,0.09668620834474616,,,0.10000534505424877,-0.0005074074950699406,-0.0004327882790499682,,0.15137369180551136,0.3370117141728586,,,-0.3207624123073586,-0.0013596805618408328,,,0.03869891438805331
2023-02-03,0.30475255976293575,-0.003341461290688491,,-0.025097936060621297,,,0.6447253006142707,0.09910537738437758,,,0.5601275476564235,,,-0.0007394510006270284,0.30694099815341225,-0.032316465718898034,,0.28522664621749994,-0.05405924879285996,,,0.01459481214645793,2.475434978258056,,,-0.27222148268157953
2023-02-10,0.7692309919592363,-0.04497628034039479,,-0.05940796695242694,,,-0.0933506843486492,-0.3379003065654448,,,-0.6184838254572319,,,0.08227137764620841,0.4555627434174884,-0.0041566545695833025,,0.020037500465851465,-0.11320488077048126,,,-0.006178834771006382,-0.15089862243734464,,,0.003873908148307691
2023-02-17,-0.4086160448165152,-0.3453187948930161,,-0.22653316219073233,,,1.2720388407179957,-0.2229881711200483,,,0.08272023950741952,,,0.06946731513861235,0.15115338312747933,-0.0719217978202006,,-0.01567237994704971,2.044961562837298,,,-0.047366184505656626,-0.008982756877123294,,,-0.12582242768734658
2023-02-24,0.00957166924729324,-0.06785649482322374,,0.24000982890238196,-0.005177443913788143,,-0.039639586008565764,-2.259532162907507,,,-0.56011470393375,,,-0.005592413111145634,0.5380738904337095,0.23895940313453662,,0.04493359531765871,0.19985485331419756,,,1.0656883791997267,-0.20436114892894797,,,0.08522696310500105
2023-03-03,0.024893616300457777,-0.07921928931398807,,-0.0015464982878943922,-0.00033900619540543845,,1.3156579650009461,-1.0032275320824553,,,-0.1989148550628031,,,0.20317979565220434,-2.687636411500056,-0.24242976188843812,,-0.7453222968634945,1.5651821898970164,,,-0.6335810348107886,-0.00373176474201997,,,-0.03928748835325749
2023-03-10,-0.04877796568698646,0.07797395787025807,,-0.4277597539301441,-0.08609595925337742,,-0.3458293485234926,-3.3724714699478726,,,0.06394045716159111,,,0.01719304738240257,0.028863978388711083,-0.003999490629915814,,0.033266849234705326,-0.5619567626055828,,,-0.12479489817076317,-0.2566651187183844,,,0.0007085530396794581
2023-03-17,0.10245566866287728,-0.015593409183131225,,-0.03963073665995781,0.24388117935679046,,-0.13562705974174882,-0.5779671790980859,,,-0.20684869805150355,,,0.07605377898653257,0.4739865914686247,-0.13677600919764019,,-0.436441491042714,-0.19575722263459938,,,1.554470466979088,-0.2146594584267383,,,0.015920544147899916
2023-03-24,0.01774329312871313,-0.04367231056008747,,0.007850258382690543,0.598555261972651,,-1.0041197026268627,0.0255138266255321,,,0.8477723409365574,,,-0.01884454085958005,0.011216777404066389,0.009655438170010959,,0.004116827831556832,-0.7306063358875116,,,0.4143041525530932,-0.056851172472536696,,,0.06984529133092024
2023-03-31,-0.4017463742764385,-0.016408990532036878,,0.006845811133254958,-0.9946561287325425,,-0.009814301207878864,-0.27568882668100425,,,0.35310438808473066,,,-0.06978279541974071,-0.08056659394301549,-0.00145845204744523,,0.18967033445659734,-0.30070058697227237,,,-0.2744106521120139,1.3590781435825807,,,0.022912805984095456
2023-04-07,-1.2303714663412457,0.41171627404010847,,-0.002170991205033113,-0.04380854805349865,,-0.6238551235629074,0.057825494598894515,,,0.6625917516196518,,,-0.03916611989038383,0.3531489316144641,-0.006897449225676695,,0.23720119167157364,-0.435246242738929,,,0.009774039620615987,-0.01722892960485089,,,-0.35917494036751324
2023-04-14,0.07932550423721875,0.3721313570732895,,-0.13225772500885144,0.05485074908304151,,-1.4586322151976483,-0.33844306947755814,,,0.41882427370428665,,,0.028394224618565122,0.13323295680062203,-0.035625643488152905,,-0.033253445795268635,-0.1771073822524169,,,0.023172489671164247,-0.06562158624873739,,,-0.0002373922075680547
2023-04-21,0.3768915972511282,-0.007006228574299793,,-0.03662103247824704,-0.09219028585028483,,0.0076048447082629565,-0.5641692068827386,,,0.6835065545400656,,,0.09154399020475137,0.19619012230978777,-0.00042489165615579126,,0.689811316342585,0.012284402487943435,,,0.1647458191134709,-0.03260387007595327,,,0.11968668630797123
2023-04-28,0.01782720310451379,-0.025867170987132548,,-0.08155914806105555,-0.030331008962910064,,0.08848230010721142,-0.02621115223093262,,,-1.0035369393312492,,,0.018229865474725916,0.07282530393102464,-0.022877885696378695,,-0.48494603513653706,-0.5147265683107627,,,0.106649979132571,-0.001772736769804397,,,0.004404629799656716
2023-05-05,-0.26320727579986386,-0.008330697029021448,,0.46594160801847484,-0.11204808248813658,,-0.7514961870139749,-4.229883792802367,,,-0.24314923087647736,,,0.08250065837160497,0.02991172092916367,0.0558349076164575,,0.0830493154250242,-0.06539056764084195,,,0.0752020049132989,-0.4502734654126748,,,0.011547614101741245
2023-05-12,-0.08956132060192314,0.003773952492255061,,-0.16456879688502196,-0.04772725747807991,,0.06473841629841226,-3.4099625144212653,,,-0.4165246019786758,,,-0.34669722307998185,-0.060267570183434885,0.288825301049896,,-0.287896777587115,-0.03576272572317547,,,0.003007377672183125,-0.20453514116136606,,,0.019224351225235425
2023-05-19,-0.12690633569233395,-0.015050692887170506,,-0.0006251007698382609,-0.0003199520522021121,,-0.39796762427184795,-0.24939762208175248,,,-0.141548368262048,,,0.22130705657785454,0.0943350920763481,-0.12491722762547357,,0.1198975750405323,-1.196812872172504,,,-0.03070034712388118,-0.1217871970683623,,,-0.020260419449695907
2023-05-26,-0.02067220262719186,-0.051391416562639944,,-0.013225614860761997,-0.0022641985625255633,,1.1424419880821246,-2.7755604482970675,,,2.593645082812115,,0.02866927684499329,0.3043979905571748,0.04915497304711129,-0.0011590890727825919,,0.16507082119552385,-0.20008531016284714,,,0.009448177207623847,-0.9884884145364687,,,0.0097106642556958
2023-06-02,0.11414038104159697,-0.034459734647974215,,-0.03564551960172478,0.04884322137262045,,-0.04108136168380526,-1.790957328063981,,,-0.2522039328757738,,0.0004583825373112154,-0.08112490295175573,0.41524086317996944,0.030903121947376253,,-0.14774183773203392,-0.2931578537389947,,,-0.338167940592659,0.436710705738524,,,-2.940197337438529e-05
2023-06-09,0.45393781595673577,-0.08223050115799191,,-0.24156871166780888,-0.0003693041224954488,,-0.7825826216775719,-0.04285240157754447,,,0.22739214386305173,,-0.010811162828628209,-0.02272698743030691,0.0271341837805377,-0.09489844119680801,,0.1454447217580992,0.6798327493983851,,,-0.007037451238653493,0.12479471947064094,,,0.015106462021694658
2023-06-16,-0.13177371723525205,0.07564050494163922,,-0.08911084519200613,-0.020625185566348167,,-0.695585668214716,-0.4052108122328363,,,-0.583857457957019,,0.004115420577683045,0.048811191777205935,0.215172217084342,-0.00506843355960211,,-0.7199055870970908,-0.10882163080442596,,,-0.5928401863430963,-0.07874335250530523,,,0.019386704418585643
2023-06-21,0.32405094168039994,0.09255399237956555,,0.1075328617918361,-0.15438518278701235,,-0.37785758124507296,10.739827246127732,,,-0.37433805725754865,,0.15321368065521312,-0.050364740085736104,-0.08466531393469179,0.00019704901113767014,,0.16709422139899316,0.30922858118000607,,,0.04874612835029335,-0.277274861556466,,,-0.06142458786053607
2023-06-30,0.23702822781311,-0.5285753961602906,,-0.3454643456032641,0.20400400074033834,,0.2762794700128645,0.5254437606297966,,,-0.5852852528399027,,0.01797612399067745,-1.2795946151202755,0.49604810300548063,-0.004279603816318911,,0.04948587298361738,-0.5719404728954639,,,-0.08979306424749278,-0.08955645883158173,,,0.03252725769502041
2023-07-07,0.37588396408049995,0.0043759668609532005,,0.0002258751281313115,-0.1686400072417765,,-0.06612710369746944,-1.0014679889054559,,,-0.2776077013177102,,0.021395136096362937,-0.1275560321428313,0.07706369939468423,0.04367889679728421,,0.09955169857056213,1.7852508950734558,,,0.07635891393619382,-0.012014676462866643,,,0.012816251366254314
2023-07-14,-0.007628779152545367,0.09306508397270752,,-0.00240173062362082,0.13664068813198496,,0.003326882179092494,-0.47032815146308454,,,0.05571730442800893,,-0.5451387868700259,-0.6901979609088995,0.15072281588383324,-0.17917935832614396,,1.05891695421941,-0.5067634864236809,,,0.04220256436982611,-0.048182444726012665,,,-0.039173531181144076
2023-07-21,0.06237328204406452,0.025132711573053874,,-0.041577462266370435,0.1769055732078111,,-0.0023264285452016253,-0.17789940913371335,,,-0.10976046889296037,,0.0031021997052749824,0.024514044068037776,0.0747082826820597,0.06555069191575216,,0.02028869283423576,-0.16546516387089433,,,-0.5185563064424933,0.2795356266330574,,,0.03665434309487352
2023-07-28,-0.12101935177936513,0.07666179565744813,,-0.002428740288076976,-0.02289135030875805,,-0.12151357787650885,-1.8885430855607073,,,0.09942698318261455,,0.006811211259176512,-0.08418092083477845,0.0009726548946527435,-0.017690197802136164,,-0.4069485241621901,-2.7459846547655444,,,-0.12749482136759882,0.006917622505628369,,,0.14665955164743122
2023-08-04,0.2480314600906265,-0.017314814736791334,,0.06101805820419179,0.03554162605964621,,0.6580604534463197,-0.4939566621173821,,,0.29706554952741016,,0.0009896952250350683,0.32887101102111255,-0.03434021631444856,0.031286160001647606,,-0.2391315064914899,0.1163189342315623,,,-0.6050224188953748,-0.023732362166066848,,,0.09630481190969244
2023-08-11,-0.024588602056253323,0.33567894707596607,,2.1153232860062277,-0.02460065973564973,,0.7070091177744144,-0.2799437031583207,,,2.1051021997165136,,0.0007966696941632367,-0.10985004716415213,-0.2525291371163463,-0.0008057203194909813,,0.3485202847024368,-0.19937427865382568,,,-0.020243697785628727,-0.32617619901629225,,,-0.024092235744719876
2023-08-18,-0.5440121326226413,0.10541568418823447,,0.08005506601577636,0.011047560417209987,,-0.19232665323630058,0.12155561285047534,,,0.07281727953554806,,-0.004954824598935356,0.1955800479258041,0.05777640728233926,-0.001372177377098546,,-0.16133204962127456,-0.5420851100074692,,,1.9015819112549577,0.03874178823097639,,,-0.33646090805256973
2023-08-25,-0.06247286893254401,0.06703802348752445,,0.45478079839989377,0.0007924531589538654,,0.06467062811748826,-0.13883119769301666,,,0.31748461708937714,,0.013908724002569142,-0.2575968292676808,-0.22583777465277965,-0.0010846845327482897,,-0.06187741844567749,0.11721061695427697,,,-0.0028040175367882473,0.08905810405533805,,,0.061586653152464935
2023-09-01,-0.13723585329700014,-0.04491926325696561,,,0.02334781249265162,,-0.4879849643552569,0.3221112639190362,,,0.5114463000693368,,1.5856233391601536e-16,-0.02644608213247219,,-0.01708421342765221,,-3.2369698675131984,0.8016908520720571,,,-0.40052936612694834,-0.024672392646369105,,,0.22704933641926575
2023-09-08,0.23944371652876148,-0.09960786289753461,,,-0.7940631255576962,,0.6256501779643471,-0.32372999852107104,,,-0.36054893145602734,,3.263004487873296e-17,0.36744926640579556,,0.09223667155880552,,-0.551544196741899,-0.2646212172602216,,,-0.08196323479503911,0.38601241244725865,,,0.01037225799379058
2023-09-15,0.09863026814941726,-0.22040921879475203,,,0.020680260437448736,,0.4986616408837406,0.1584607312729815,,,0.044314809335032915,,2.6201584531416988e-18,2.77878337599676,,-0.008830311611601555,,-0.07850134979569184,-0.08697122665083339,,,-0.5106834300314289,0.18742520886927022,,,-0.02032999962278114
2023-09-22,0.3765651661652907,0.05413935100832931,,,0.05899699474490476,,1.4427701650722597,-0.8026224602105867,,,-0.10761100843774311,,-5.046717367595845e-17,-0.9443432139181521,,0.010957566282398166,,-2.20163407094696,0.2876063503263313,,,-0.1372343165782956,0.7011595548314744,,,0.06845905964659428
2023-09-30,-0.36725556313440194,-0.17283784532634464,,,0.023377248726876066,,0.01008707547435125,-1.861896825007366,,,0.2214643411622796,,8.696355761337197e-18,-0.09017579957019418,,0.036594117962369,,0.12933990251192315,-1.4480623781493982,,,0.8714118559363482,-0.48800835989383456,,,0.012431232088409282
2023-10-13,0.041875148006549436,0.11862527022637738,,,0.025720859153133054,,0.1622515060723142,-0.011255884182993786,,,0.020604045007877013,,-0.012435109675400468,0.13268007777863852,,-0.27231013058875936,,2.743728872149148,0.7788125280930217,,,-0.02575171021146735,-0.007861312825048997,,,0.02058949002786042
2023-10-20,-0.5630771787038918,-0.5588018607654471,,,-0.0011109361731670014,,0.05438153542633378,0.38513548286251265,,,-0.19344571781088066,,-0.0008810320164424893,0.6100144832722275,,-0.12115474394099875,,-0.7404119667607283,-0.05599586743057142,,,-0.014072656405710185,-0.005144316241904889,,,0.00015710926808306866
2023-10-27,0.11409388835351793,0.002940821815713042,,,-0.04559892480447661,,0.3872605410548556,0.09217327588550309,,,0.0022339997763372726,,0.004486071830559386,-3.3642804646715376,,0.2644654354507015,,3.5956236590322845,0.4531255510547604,,,-0.08993733496495394,0.12607001504792917,,,-0.07125055681664105
2023-11-03,0.10218773931863992,0.06044180581899762,,,0.04585694423182816,,1.0444976389531777,0.09255839070336808,,,-0.16411660086395163,,-0.00609011551948193,0.239099915248303,,-0.00866000390282282,,2.196820696834765,-0.429926455947008,,,-0.009098625370085774,0.1547225995857504,,,-0.023693320782409075
2023-11-10,0.32895682458511954,-0.07320890624710404,,,-0.2150827102612206,,3.298718099519178,-0.4366429711031748,,,-0.2202097958161887,,-0.0006858428833133277,-0.6143501606927952,,0.09793766742865047,,-3.3199754221367352,0.1802706703143238,,,0.0098070750963361,0.3403498974503745,,,0.035270213259275464
2023-11-17,-0.030206618558545294,-0.006815259496172982,,,0.09648733493938999,,0.5852561811061644,0.004062296490130374,,,-0.012545538280034019,,-0.17712904632026835,-0.060226647758396916,,0.07885636414045116,,-4.971704223529359,-0.03818731515417682,,,-0.5652710951180359,-1.1559228249596238,,,0.0009003199357376556
2023-11-24,-0.2453209796533824,-0.011227274527029114,,,0.018587228534351616,,0.23855926074034128,-0.3348391311592609,,,0.0165034847132538,,0.0007605144673893625,-0.3681622985510535,,-0.17905734928779635,,-0.1256057408104737,-0.7110242202040454,,,-0.197129432549327,-0.11836989721241457,,,0.03661347555911566
2023-12-01,0.15002142087894482,-0.01032807405814029,,,0.20873472182788727,,1.1112711338338372,0.19154199790458545,,,0.04671064860853956,,0.048255282921837075,0.9691668565226187,,0.008813767784919404,,0.2120868648268752,-1.166810297773678,,,-1.019249239074297,0.2417953927837636,,,-0.0379082510070927
2023-12-08,0.0435971651639538,-0.15897968631098106,,,0.003138571404228513,,0.43604211259317466,0.20721010833301337,,,0.512962447149699,,0.0009781296087633335,0.053165340504045824,,0.02518644802265909,,-1.2322064356143234,-0.31143463655670894,,,-0.49318564040597107,0.061095823839943164,,,0.07173063330079105
2023-12-15,0.16487407362026257,-0.212976455996907,-0.06684849266542482,,0.03146813138620507,,2.374568670741352,0.8070800642239093,,0.0004480079329285304,0.20743666362259303,,0.006702176009860197,0.05988500845784751,,-0.23970130804208173,,-0.4810144902180194,2.0200831436125024,1.6026396757244644e-17,,0.21340239465285477,0.15946363127032998,,,0.12323641562508703
2023-12-22,0.4191456362097836,-0.05160530044868328,0.006614580214169799,,0.020843028105919086,,-0.5953896586439648,0.08794423719985092,,-0.011330365231857745,-0.018403862445920183,,1.6899585594601611e-16,1.100705398288779,,0.013583513994035653,,-0.2433003835273506,-0.6041906439704274,-4.134431524362999e-17,,0.11061044171001694,-0.018849679512327966,,,0.1359484330009511
2023-12-31,-0.2889395540921451,-0.2913415084037764,-0.14578456237427878,,0.26346482518212555,,-0.04704104877901322,-0.07186694862116041,,0.0068779973449979446,0.4740593888877139,,2.3948222431461077e-18,-1.4111059100457464,,-0.003547208637874555,,-0.29757137656925736,0.08215574934560983,1.458415169888624e-17,,0.051471366714971545,0.06019880669883381,,,0.01756351728363199
2024-01-05,0.012571454678483822,-0.840968512302201,-0.001510560692084035,,-0.22697429734427077,,0.6504290520230793,-0.12399894646253762,,-0.02893864485155795,-1.4566907992959246,,-5.266900373016457e-17,0.7465606630323658,,-0.0011044296163406294,,-0.4682844704630726,-4.492334585685615,1.2484697206298392e-17,,0.030678511231747044,0.03422206732403608,,,-0.05347145913849057
2024-01-12,0.09866822272102196,-0.17047802697538425,0.07528768469303836,,-0.5244446909224505,,0.15937698846883716,-0.355613492224343,,0.05445512638338346,-0.030605597550702395,,3.155997323979507e-17,3.7747584750494805,,-0.0006496393866446278,,0.3691064894088913,-0.40148845945784045,-3.8639508053769275e-17,,-0.1756895541230816,-0.05230744971863882,,,0.02022224001716999
2024-01-19,0.1860131271853393,-0.22234070399217173,-0.002829145124575145,,0.2825422224569193,,-2.3004985790061054,0.13380575887737772,,-1.8408484906487653e-17,-0.11435128466679695,,8.420003298457433e-18,-0.304147427834256,,1.244984503672765,,-0.06297294699391873,-0.2142880878474837,1.4145611443613632e-16,,0.002543607082008443,-0.06348503406656139,,,-0.5312339778577676
2024-01-26,0.10235539253030884,-0.11212338055131987,0.09309249563508368,,0.0008595289924274586,,0.39694812557725356,0.8293779587290868,,-4.12356069075135e-18,0.15760685267816701,,-0.04714232610142722,-0.15276027011627896,,0.03770141590899211,,1.6472003274744897,-0.09486399023219977,2.7435070149754555e-18,,0.0034840916300259836,-0.056838282347636736,,,0.036729184883828384
2024-02-02,0.36115982152427684,1.5693213680081937,-0.0001407661378013466,,-0.40265662966404314,,0.24946538643415989,0.5756361296745325,,1.0021079059542176e-17,0.40487614703938857,,0.19344154025511406,0.2631203357697733,,-0.023475368434663267,,0.21122995930650806,-1.2154494861193934,-0.04078139591266691,,-0.11503636005687029,-0.09043376466018295,,,-0.03300659402092626
2024-02-08,0.19849154202674069,-0.36480351492984103,-0.18140056607930147,,0.10708488524032428,,0.6620717064410163,-0.05095277969697573,,0.03185847649715593,-0.14956960663174246,,-0.0019605934215911566,-0.18323891030470627,,0.00541595663435823,,-0.28224967122635863,1.4080369400549215,-0.003116839029289166,,0.0007948103102033365,-0.32776669843509987,,,0.1678318887944728
2024-02-23,0.22605009136109253,-0.4803843072029311,-0.0006424720683950576,,0.03410081655415124,,0.6976117338851922,0.08509894284652061,,0.004601987872239643,0.10957700292205673,,0.06995640022985616,0.0030859305479168826,,0.18738775440772737,,1.0963308546867574,0.04937862119735461,-0.001972684666530378,,0.012253176122215456,-0.20700666044589464,,,0.07930604340051574
2024-03-01,0.27852790445910797,-0.4969689908546387,0.06455691468082837,,-0.009418624444003893,,-2.068887442796792,-0.3829319386977676,,-0.017103748114674334,-0.09741865066302047,,-0.0014603920540552566,-0.04887936836775861,,-0.07622176747986041,,1.267555257035628,-0.20344005647672128,-0.15028938933657177,,0.02802372908385229,0.06767895302263006,,,0.0678430608947711
2024-03-08,0.7105281361466254,0.03729175803067927,-0.061185089328637095,,0.014331013664481931,,0.04045378165866384,0.20146362070296997,,0.029793250050032055,1.3650693315530948,,0.0035977989067839983,0.0984203643445836,,0.00929447506626709,,-0.05684118081916678,0.464626765762312,-0.019665438847146707,,-0.006957307687567985,0.02869026053200248,,,0.0018684845762683769
2024-03-15,-0.003020267938925847,-0.12503256984927433,-2.8466679208643936e-05,,0.08654135878632488,,0.368532312578422,0.023159606747106654,,0.004309733868570247,1.1112989125081099,,-0.027113274417307112,0.005553348975984501,,0.03342627425555018,,0.03980879832786144,0.5727351829435074,0.04046295630928842,,0.2997461188924314,0.15105556002809314,,,0.1880307504326394
2024-03-22,0.35826849736531224,0.004892618217818612,-0.07662057233576966,,0.003595915767315529,,0.03672117158345421,-0.12856921336473146,,-0.01560936399967331,-0.03667145673479905,,7.458846967272084e-05,-0.10500422573391202,,0.0006920334013868329,,-0.05968393858456025,-0.24233744582660038,0.0009499311252394681,,-0.3116773370376422,0.06874511353300969,,,0.49927792260332193
2024-03-31,0.3255727837552096,0.3837778175259828,,,0.00036656808888082187,,-0.008163459586857477,0.6052913961653488,,0.01428605246315777,-0.2086636563991194,,0.0010285395379941139,-0.46609901842118884,,0.3739542334758509,,-0.6423262937655096,-0.1341119525638268,0.0006367086010827255,,-0.0038860121826354913,-0.010324413449151368,,,0.19858674531332185
2024-04-03,0.02030575100524998,-0.04013723610631419,,,0.0003877200599562795,,0.16118547336069056,-0.22230927435688197,,-0.027980491807447116,-0.2374523724637127,,5.0085200537644574e-05,-0.035417822719908884,,0.09554205151171795,,0.007699558882072174,1.220934726633144,0.048842744853221445,,0.019148590035063945,0.012595259392773494,,,0.02508542217922639
2024-04-12,0.13139887902841957,-0.3381499084660873,,,-0.1308025830985111,,-0.3002978172445839,-0.4944599289138332,,0.00016263164085371162,1.0929684722120439,,0.0008746112905738176,0.016474579649437847,,0.005117318298101843,,1.3791590981213375,1.114743029867124,0.005929505331195764,,0.002513073362091599,-0.13824458121597716,,,0.07882156156622823
2024-04-19,0.07075838861058638,-0.09255518715412352,,,0.00030307183057799486,,0.1645485032540301,-0.15714899126296517,,-1.7591592338968757e-17,-0.14237524213902433,,0.011864166726350786,-0.14223390377793205,,0.08571896212991405,,0.3438410801878139,0.27009993823030715,-0.013626240092851766,,0.0045159740365372245,-0.0422292733636751,,,-0.5578613851732487
2024-04-26,-0.025475562771099927,0.12734933374746205,,,-0.007234911209930075,,-0.4356793102856507,-0.011077336006517783,,9.452019513086476e-18,0.727688290296699,,0.0018580429082366845,-0.010674483642179395,,-0.006514534233875586,,-0.623574341274947,-0.12146839352758901,0.01246600474032141,,0.005598704966379216,-0.39429461709365404,,,-0.049115120178403936
2024-04-30,0.060571191280550864,-0.20558648973385157,,,-0.0063155404192164425,,0.19453200105699744,-0.03146482072228901,,-4.311708716276808e-18,-0.053463858992494645,,-0.0035087336675675117,0.49480345266162074,,-0.0017567203995058692,0.2447943534326799,-3.741732540138226,-0.9799462535896919,0.0035097610052306186,,-0.05959922443771962,0.09496603675205921,,,-0.016719303528881867
2024-05-10,-0.1681547488844546,0.019076280306033665,,,0.00031716939867139604,,1.811293115149847,-0.305362556338279,,-0.005086288776273468,0.10038302133462952,,-0.03615025126501477,0.3722915866466635,,0.01946562062174582,0.012795341695048375,0.36246961174909775,-0.45780112466158707,0.00036585637395167156,,0.1646190029423108,0.5901506436595811,,,-0.3196607451104225
2024-05-17,0.27193885699096365,0.3033281307480524,,,-0.3887587300277911,,-0.055720726964142486,-0.31584949318879685,,0.00274607718973237,-0.7919336256423425,,0.033738653259463035,-0.1692868021715691,,0.018022774322913916,0.0046954656076392785,0.0219710497055301,-0.7628080683650378,-0.17475125585648857,,0.8938788175010953,0.7254416403531244,,,-0.023596636458354806
2024-05-24,-0.9698854478140748,0.008870158727076482,,,0.021898930752198162,,0.06219327675263647,-0.5725807352391126,,-0.0007412578214133628,0.009262850196286098,-0.026548574198791614,-0.12128332733472447,-0.13895654893589754,,0.013233683473511393,-0.1649627850236902,0.25980647740865304,-0.578547454805168,0.012781071985944248,,0.028938101940853958,-0.049721475925175174,,,0.04373981387685715
2024-05-31,0.08937625925309392,-0.14986451246896582,,,0.056482841347289314,,0.36237677316683253,-0.09434472629659373,,-4.327735695562305e-18,-0.21863696507287533,-0.10446631092463213,0.00492638697731148,0.3392964589661147,,0.13079204848756926,0.006240144793274498,0.1696873556470945,-0.6645068808807997,0.299977578910819,,0.08897598551704118,-0.22945718315609392,,,0.565391511163573
2024-06-07,-0.6555438058038322,0.649132862733704,,,0.0726766380826433,,0.32455020225132764,-0.11304927388118993,,-1.7552820953441563e-17,-0.5089063177174151,0.00292403068093728,0.0004717229396250881,0.34128870348919305,,0.030519463696669948,-0.003880844448743379,0.09723375543990424,-0.05973831576980048,0.05489295909748116,,-0.3892204807344657,0.03752278649864112,,,0.05289866880368485
2024-06-14,0.07081719074491477,-0.2881447893447029,,,0.01626981941567979,,0.6553925748118471,-0.6261140442655799,,9.400951601009783e-18,-0.23436139929557046,-0.26347989118217285,0.0007221084446602681,-1.0095843299180198,,0.000673477488353983,-0.19301295024790505,0.3977846078139393,0.5455693655437224,0.19931536783440623,,-0.10242145021069846,-0.5417877125918243,,,-0.04782113071957769
2024-06-21,-0.0004284745632072212,-0.5340951517864984,,,0.0021982399621890297,,-0.32787700617950555,0.07726870787570211,,0.08209021319002525,0.24024587701243744,-0.05408383142814601,-0.010006870448130513,-0.1290642221079728,,0.02268895609879331,-0.1801008249079578,0.6833050431919524,-1.6034492364271875,0.6890507935542163,,0.034443763089439264,-0.11023348698289659,,,-0.8266728870405127
2024-06-30,0.3795290616099372,-0.19206426181823408,,,-0.022302571776827,,0.02039768221884719,0.05327460495576267,,-0.043331408529188514,-0.04970003207766664,-0.014779770549678946,0.20660338994104543,1.962518416366684,,0.010339326618894215,-0.49074459480848676,0.6198256518639711,-2.425625556615968,0.14784047752708632,,0.012948567598810991,-0.06553040173633246,,,-0.07064539948592519
2024-07-05,-0.10539610055707507,0.21528658102024664,,,-0.030995541184257888,,-0.18394362545396675,0.7717826418341568,,-0.0006275956194132706,-0.03986456918559163,-0.0329812927233534,-0.054988431621934605,-0.11162736560684083,,0.08597850816227176,-0.3582631095987193,0.47418642230119584,-0.659928813426073,0.019977968431470323,,-0.3299344153163335,-0.04824655990191244,,,-0.046037585595509356
2024-07-12,0.08579006031435876,0.4388297493199457,,,-0.1681273597429802,,0.45244256795658133,-0.10359339429848631,,9.132557292034047e-17,-0.3829759104680459,6.764766320896226,-0.0014261871277067,-0.17073896249846301,,0.019250531723720748,-0.12385422601334498,0.719669322492365,-0.020491821801544918,-0.41108158406009304,,0.04700591653907463,0.3421165786637407,,,-0.1855411648385637
2024-07-19,-0.11289744939009802,-0.023749579992406775,,,-0.2007068200348186,,-1.720061251805159,0.6439923889704391,,-3.1622571678436757e-17,-0.8928922167740316,0.15100190671296054,0.003057797361707442,-0.6821272773233993,,-0.5100418520993024,-0.4532066293235689,0.6662614501605053,0.9396932973863177,0.1088801539731438,,-0.011583621710525682,-0.0241474863564074,,,0.17579875467662096
2024-07-26,0.2887325912849148,0.0026365643834910806,,,0.02657592082082047,,0.2754578059398404,0.9877312924314119,,3.0328790497917476e-18,-0.5091987876298445,-0.14508246379935202,8.978423031799684e-18,-0.1257123784433202,,0.018184385935600206,-1.3059974853533758,-0.018959696068100478,-0.12710365879982197,0.0022262114745367012,,0.05949747672538946,-0.2308925121185969,,,0.8683669205978447
2024-08-02,0.05000018958831137,0.0066485872045145625,,,-0.06600916147773316,,0.21436621237409137,-0.1723934666924663,,3.28528703260487e-17,-0.17703879859353733,-0.5407226030980609,-4.362886410173914e-17,0.8244698858339568,,0.0003680586592969167,-0.18293997569321402,-2.9102308790114875,-0.169670978349517,-0.037432095072368735,,-0.8256786665123664,0.011757994593237453,,,0.3857595903475064
2024-08-09,-0.02056951133138381,0.0009960559198142341,,,0.002690585838649764,,0.044569432250063296,0.058817911217486536,,0.0036182495284013145,-0.3308488057485394,0.02624995677842387,2.8219913570096583e-18,0.0019226307347631362,,-0.01332810157855235,-0.12343481581326023,0.00044303078360747114,-0.5010738215440984,0.386181488154537,,0.017870128624629812,0.20695159963054302,,,0.13445097064291492
2024-08-16,0.4240869042084424,-0.027652023885650176,,,0.002463646426716375,,0.307639406572064,-0.012244687848061934,,-0.0002714123193659746,-0.307253755834592,-0.141898744795375,1.4266173541424666e-16,0.15082435194363178,,0.005339660820238053,0.989084073279447,0.009706949150189822,3.5702659538413157,-0.776747898156397,,0.6590148914530329,0.0721061029998588,,,0.020637713082631595
2024-08-23,0.09885033285036365,0.24332060765275226,,,0.010129558975828325,,-0.3077735183157344,-0.2147948545660158,,-0.0037319871812594428,0.29528049395003475,-0.6976397192644955,3.0606717112024314e-17,-0.05047159168416618,,0.08059809111704148,0.005316398476005093,0.03075825355387931,-0.699878157652379,0.03166000068591338,,-0.008252212394709139,-0.6941053633966427,,,-0.011068643060503041
2024-08-30,0.8191210363008256,-0.044953661112508196,,,0.006995711318696778,,-0.11572541373154865,-0.19798166394734074,,0.004802837269491986,0.0700296971546027,-0.32846907328925284,-0.0009975913009314785,0.2251059971057466,,0.00080335008563878,-0.3529095766884907,-0.029901911456936915,-1.9325548818914255,,,0.012189348009150856,-0.05227370711692987,,,-0.045225864093199175
2024-09-06,0.05113422577185244,-0.016207093005973526,,,-0.04365699961300844,,-0.9812510035593452,-0.12420527396366432,,0.0003402915323129519,-0.10201313038523241,-0.11537933611555755,0.04440509104016736,-0.17205478028590335,,0.002023011720694703,-0.006697005248591674,-0.04300082564418776,-0.34229210243321057,,,0.34196523299691617,0.05985807537638217,,,0.10870397649878415
2024-09-13,-0.17815673724845327,-0.1161904570987907,,,-0.007738186293466958,,0.4431778398807986,0.143602680526392,,2.9459203581286462e-18,0.20391631928889004,-0.3869413632670762,-0.0001536141355818939,0.8125667914260626,,-0.041016891354467275,-2.233906266163784,-0.013659411424267652,-1.1194922917911354,,,0.10069423045904886,-0.016139894376902757,,,-0.09431627046015642
2024-09-20,0.023865749564238408,-0.0033926973142305167,,,0.0027589600661583284,,0.12503793599806926,-0.04725927587762721,,9.084534025905933e-18,1.0923825501508058,-0.28146318130363746,-9.923588632886089e-05,-0.03051820740527832,,0.0006304036153635229,-0.037841557246852356,-0.35434534718525407,-0.10592481277719744,,,0.008191792191179569,-1.4801163666133157,,,-0.0004403712788090406
2024-09-27,0.1187052369231291,0.11964458117530198,,,0.43647363807304845,,0.40818209651736514,-0.07834138356056049,,3.58396413239722e-17,0.6180252703677239,10.211875285085833,-0.16242252965849382,-0.05803637748571712,,0.07045522961749184,-0.31870417792983463,0.4539041042925088,-0.06554381331511626,,,-0.005784951015821104,-1.0921895719882597,,,-0.5678431446048794
2024-09-30,0.011192705056523707,-0.12229083513485572,,,0.010127775702220499,,0.12456937781079129,0.08713868783448855,,1.022512612922148e-16,-0.08917704371606153,-0.43212280348953924,-4.3143571955407083e-17,0.01777673554460614,,0.0034492053192142005,-0.3121384953895446,0.4129884373900941,-0.2993632947716225,,,-0.03209267008926178,0.27460395226654927,,,0.011420346800204527
2024-10-11,0.11455086597111748,-0.02146959715177004,,,0.008956947386541828,,0.0914897812524709,-0.11926406196933106,,-3.6346240876980835e-17,1.1415523813811372,-0.003989713113021115,1.452357099210445e-16,0.7334441893595905,,0.08134800286414275,-0.35619835256805554,0.15601960905004758,-0.1468717828960631,,,-0.601240074974592,-0.2971164808583626,,,1.3244331293705982
2024-10-18,0.9692302898470658,-0.148776918297942,,,-0.056175243835605945,,-0.3131670206018614,-0.05549437689868992,,0.013777464889660777,-0.06919354638036623,-0.11524623199520499,2.889704128352885e-18,-0.17129875569693426,,0.034675201871262856,-1.738886932604594,0.037597079343578976,-0.08858344248836565,,,0.5445913302436556,-0.2947610339875249,,,-0.0033940572704505897
2024-10-25,0.12409139981786374,-0.01198991414169226,,,0.06178017658862307,,0.7885535134645936,0.2011878339421793,,0.0021453468359141185,-0.18924658845721523,-0.061065972487088366,9.03218967336874e-18,0.3504295513146703,,-0.30894056616884835,-0.11031352280623194,-0.19054844453308842,-0.42484458403372793,,,-0.025865665138455833,0.38012700054107346,,,-0.027715890098479343
2024-11-01,-0.020982917806223914,0.0013920754539863524,,,-0.011697533741901057,,1.6336689302070315,-0.13464017031962983,,0.02923720543441697,0.17947742945494305,-1.1047059019528842,1.5921030646954548e-17,-0.26867030610982134,,0.22010285797480883,-0.01240770560535033,-2.9222941332801535,-1.2887458037001125,,,-0.13382312616996309,-0.23524858666686457,,,-0.010731311510624042
2024-11-08,0.3199546819876359,0.31942726830564605,,,0.06921485722935361,,-2.577689609642314,0.019932055836608075,,0.021099374573797312,-0.15988774813147755,-0.05055772139852655,0.00890503253527701,1.9189028545046463,,0.0024513039842541063,-0.01608062379463023,-0.044005408214582695,-0.2370358254541179,,,-0.00026553195680997126,0.3353023932436201,,,0.6148068996134799
2024-11-15,0.013067025136452928,-0.12390665539289594,,,0.001026892366520534,,0.37563887655613826,-0.014593725496635538,,-0.011989347836520031,-0.05458199492186329,-0.05076209177768519,-0.025978509987313683,0.07380387973830849,,0.004274469063524061,-0.0934080010617377,-4.060329292976534,0.3356238670912488,,,-0.03292939226090563,-1.1471197670404611,,,-0.18441042825063705
2024-11-22,-0.10895921412860995,0.23472174968278428,,,-0.0004942883007587598,,-0.06530823184322654,0.03974802218503201,,-0.017157449871559167,0.03386745963986388,0.030297216346028305,-0.012695397266181851,-0.24475632555939103,,0.0660512351964538,-0.003189447241168482,-0.17133389011721248,-0.4355995405107739,,,-0.008633623691807653,0.26417995715004394,,,-0.031649328151082935
2024-11-29,0.10982790126871418,-0.23618973186903125,,,0.000908340628230626,,0.13687609350374963,0.06421663494901318,,-0.00037193047563772796,-0.9019965329447839,0.02149517073370613,-0.0012596191945515834,0.09347939690227067,,0.0022314427467975554,-0.007808574854468925,-0.16361965912680007,-0.012190509999767746,,,0.02424022849749563,-0.7219208138096433,,,0.9171530259652197
2024-12-06,-0.04210354612530347,-0.15994040161238726,,,-0.019472297651493494,,0.02305201622278974,0.0960012804708757,,-0.002553821881325157,-0.07028574730536571,-0.41048004440213925,-0.001990652336891153,0.32607723155974977,0.009581023543762685,-0.016411435457984416,0.009227309084558773,-1.1129791873507087,-0.35413636888380945,0.0,0.07365137203841494,-0.007840730347192989,0.02660680093748884,,,0.13961470540317109
2024-12-13,-0.14381528925459014,-0.0018886413022410615,,,0.021735163379777277,,-0.19981122356826292,0.11763127211061529,,-0.00028376091638919427,0.11880922393410327,12.936443864571924,2.9672155026930032e-18,0.021432821503391042,0.0050804702668419644,0.002383527683581314,0.053695560502895964,-0.3658859303453005,-0.753245616773313,0.004765123258965735,-0.12869380599349264,-0.0038346470892889344,-0.024525556042735944,,,-0.15397135694749653
2024-12-20,0.02678531031971448,0.23720433069660876,,,0.018721294859586915,,0.23547247310305147,-0.4659972327086766,,0.05854129887592377,0.027397927642079226,-0.015776424606870267,1.4359199847902792e-16,-0.2687083478889637,0.4302907778650431,-0.0012318392564625604,-0.022541979764933738,-4.702051858995223,-0.040708919770544354,-0.005258235480271311,0.10732610477739965,0.27678199867159814,0.014879957756913132,,,0.0047061798819967235
2024-12-27,-0.013067143694155013,0.24042479434011027,,,0.08711035177068714,,0.026981125868508274,-0.005436750004798431,,-0.10116457833094152,0.16291610783279756,-0.012327052353389262,1.2487737037500943e-17,-0.03196836644951749,0.40936217591299295,-0.082970404217148,-0.13882777447612996,38.487590019136604,0.13934908158802928,1.1025805219357407e-17,-0.01566555314598805,0.0032383214410236436,0.6969320316790657,,,0.10005445871580866
